,lit_type,author,title,POS_all,count,proportion
0,Book,"Morris, Richard, 1833-1894","
Sir Gawayne and the Green KnightAn Alliterative Romance-Poem (c. 1360 A.D.)
",'',493,0.00921753762737216
1,Book,"Morris, Richard, 1833-1894","
Sir Gawayne and the Green KnightAn Alliterative Romance-Poem (c. 1360 A.D.)
",NNS,1097,0.020510423483219593
2,Book,"Morris, Richard, 1833-1894","
Sir Gawayne and the Green KnightAn Alliterative Romance-Poem (c. 1360 A.D.)
",.,1971,0.03685145367860148
3,Book,"Morris, Richard, 1833-1894","
Sir Gawayne and the Green KnightAn Alliterative Romance-Poem (c. 1360 A.D.)
",#,4,7.47873235486585e-05
4,Book,"Morris, Richard, 1833-1894","
Sir Gawayne and the Green KnightAn Alliterative Romance-Poem (c. 1360 A.D.)
",RBR,53,0.000990932037019725
5,Book,"Morris, Richard, 1833-1894","
Sir Gawayne and the Green KnightAn Alliterative Romance-Poem (c. 1360 A.D.)
",TO,848,0.0158549125923156
6,Book,"Morris, Richard, 1833-1894","
Sir Gawayne and the Green KnightAn Alliterative Romance-Poem (c. 1360 A.D.)
",WRB,120,0.002243619706459755
7,Book,"Morris, Richard, 1833-1894","
Sir Gawayne and the Green KnightAn Alliterative Romance-Poem (c. 1360 A.D.)
",``,455,0.008507058053659904
8,Book,"Morris, Richard, 1833-1894","
Sir Gawayne and the Green KnightAn Alliterative Romance-Poem (c. 1360 A.D.)
",RB,1629,0.030457137515191177
9,Book,"Morris, Richard, 1833-1894","
Sir Gawayne and the Green KnightAn Alliterative Romance-Poem (c. 1360 A.D.)
",RBS,22,0.0004113302795176218
10,Book,"Morris, Richard, 1833-1894","
Sir Gawayne and the Green KnightAn Alliterative Romance-Poem (c. 1360 A.D.)
",CD,1359,0.025408993175656727
11,Book,"Morris, Richard, 1833-1894","
Sir Gawayne and the Green KnightAn Alliterative Romance-Poem (c. 1360 A.D.)
",VBP,819,0.015312704496587828
12,Book,"Morris, Richard, 1833-1894","
Sir Gawayne and the Green KnightAn Alliterative Romance-Poem (c. 1360 A.D.)
",PRP$,922,0.017238478077965785
13,Book,"Morris, Richard, 1833-1894","
Sir Gawayne and the Green KnightAn Alliterative Romance-Poem (c. 1360 A.D.)
",NN,9887,0.18485556698139666
14,Book,"Morris, Richard, 1833-1894","
Sir Gawayne and the Green KnightAn Alliterative Romance-Poem (c. 1360 A.D.)
",POS,73,0.0013648686547630177
15,Book,"Morris, Richard, 1833-1894","
Sir Gawayne and the Green KnightAn Alliterative Romance-Poem (c. 1360 A.D.)
",PRP,1958,0.03660839487706834
16,Book,"Morris, Richard, 1833-1894","
Sir Gawayne and the Green KnightAn Alliterative Romance-Poem (c. 1360 A.D.)
",EX,45,0.0008413573899224082
17,Book,"Morris, Richard, 1833-1894","
Sir Gawayne and the Green KnightAn Alliterative Romance-Poem (c. 1360 A.D.)
",),177,0.003309339067028139
18,Book,"Morris, Richard, 1833-1894","
Sir Gawayne and the Green KnightAn Alliterative Romance-Poem (c. 1360 A.D.)
",WP,76,0.0014209591474245115
19,Book,"Morris, Richard, 1833-1894","
Sir Gawayne and the Green KnightAn Alliterative Romance-Poem (c. 1360 A.D.)
",WDT,205,0.0038328503318687483
20,Book,"Morris, Richard, 1833-1894","
Sir Gawayne and the Green KnightAn Alliterative Romance-Poem (c. 1360 A.D.)
",CC,1954,0.03653360755351968
21,Book,"Morris, Richard, 1833-1894","
Sir Gawayne and the Green KnightAn Alliterative Romance-Poem (c. 1360 A.D.)
",VBZ,1450,0.02711040478638871
22,Book,"Morris, Richard, 1833-1894","
Sir Gawayne and the Green KnightAn Alliterative Romance-Poem (c. 1360 A.D.)
",:,1503,0.028101336823408433
23,Book,"Morris, Richard, 1833-1894","
Sir Gawayne and the Green KnightAn Alliterative Romance-Poem (c. 1360 A.D.)
",VB,1515,0.02832569879405441
24,Book,"Morris, Richard, 1833-1894","
Sir Gawayne and the Green KnightAn Alliterative Romance-Poem (c. 1360 A.D.)
",JJR,78,0.0014583528091988407
25,Book,"Morris, Richard, 1833-1894","
Sir Gawayne and the Green KnightAn Alliterative Romance-Poem (c. 1360 A.D.)
",RP,69,0.001290081331214359
26,Book,"Morris, Richard, 1833-1894","
Sir Gawayne and the Green KnightAn Alliterative Romance-Poem (c. 1360 A.D.)
",$,32,0.000598298588389268
27,Book,"Morris, Richard, 1833-1894","
Sir Gawayne and the Green KnightAn Alliterative Romance-Poem (c. 1360 A.D.)
",JJ,3814,0.07130971300364589
28,Book,"Morris, Richard, 1833-1894","
Sir Gawayne and the Green KnightAn Alliterative Romance-Poem (c. 1360 A.D.)
",VBN,587,0.010975039730765634
29,Book,"Morris, Richard, 1833-1894","
Sir Gawayne and the Green KnightAn Alliterative Romance-Poem (c. 1360 A.D.)
",MD,253,0.00473029821445265
30,Book,"Morris, Richard, 1833-1894","
Sir Gawayne and the Green KnightAn Alliterative Romance-Poem (c. 1360 A.D.)
",JJS,138,0.002580162662428718
31,Book,"Morris, Richard, 1833-1894","
Sir Gawayne and the Green KnightAn Alliterative Romance-Poem (c. 1360 A.D.)
",",",4236,0.07919977563802935
32,Book,"Morris, Richard, 1833-1894","
Sir Gawayne and the Green KnightAn Alliterative Romance-Poem (c. 1360 A.D.)
",IN,4121,0.07704964008600543
33,Book,"Morris, Richard, 1833-1894","
Sir Gawayne and the Green KnightAn Alliterative Romance-Poem (c. 1360 A.D.)
",WP$,3,5.6090492661493876e-05
34,Book,"Morris, Richard, 1833-1894","
Sir Gawayne and the Green KnightAn Alliterative Romance-Poem (c. 1360 A.D.)
",FW,79,0.0014770496400860055
35,Book,"Morris, Richard, 1833-1894","
Sir Gawayne and the Green KnightAn Alliterative Romance-Poem (c. 1360 A.D.)
",VBG,129,0.0024118911844442366
36,Book,"Morris, Richard, 1833-1894","
Sir Gawayne and the Green KnightAn Alliterative Romance-Poem (c. 1360 A.D.)
",NNPS,3,5.6090492661493876e-05
37,Book,"Morris, Richard, 1833-1894","
Sir Gawayne and the Green KnightAn Alliterative Romance-Poem (c. 1360 A.D.)
",UH,2,3.739366177432925e-05
38,Book,"Morris, Richard, 1833-1894","
Sir Gawayne and the Green KnightAn Alliterative Romance-Poem (c. 1360 A.D.)
",DT,3605,0.06740207534822848
39,Book,"Morris, Richard, 1833-1894","
Sir Gawayne and the Green KnightAn Alliterative Romance-Poem (c. 1360 A.D.)
",VBD,1485,0.02776479386743947
40,Book,"Morris, Richard, 1833-1894","
Sir Gawayne and the Green KnightAn Alliterative Romance-Poem (c. 1360 A.D.)
",NNP,5978,0.11176965504347013
41,Book,"Morris, Richard, 1833-1894","
Sir Gawayne and the Green KnightAn Alliterative Romance-Poem (c. 1360 A.D.)
",(,177,0.003309339067028139
42,Book,"Morris, Richard, 1833-1894","
Sir Gawayne and the Green KnightAn Alliterative Romance-Poem (c. 1360 A.D.)
",PDT,61,0.0011405066841170422
0,Book,"Sophocles, 495? BCE-406 BCE","
Oedipus King of ThebesTranslated into English Rhyming Verse with Explanatory Notes
",NNS,524,0.022957283680175248
1,Book,"Sophocles, 495? BCE-406 BCE","
Oedipus King of ThebesTranslated into English Rhyming Verse with Explanatory Notes
",'',69,0.003023001095290252
2,Book,"Sophocles, 495? BCE-406 BCE","
Oedipus King of ThebesTranslated into English Rhyming Verse with Explanatory Notes
",.,1792,0.07851040525739321
3,Book,"Sophocles, 495? BCE-406 BCE","
Oedipus King of ThebesTranslated into English Rhyming Verse with Explanatory Notes
",RBR,52,0.0022782037239868565
4,Book,"Sophocles, 495? BCE-406 BCE","
Oedipus King of ThebesTranslated into English Rhyming Verse with Explanatory Notes
",TO,383,0.01677984665936473
5,Book,"Sophocles, 495? BCE-406 BCE","
Oedipus King of ThebesTranslated into English Rhyming Verse with Explanatory Notes
",WRB,125,0.00547645125958379
6,Book,"Sophocles, 495? BCE-406 BCE","
Oedipus King of ThebesTranslated into English Rhyming Verse with Explanatory Notes
",RB,966,0.042322015334063524
7,Book,"Sophocles, 495? BCE-406 BCE","
Oedipus King of ThebesTranslated into English Rhyming Verse with Explanatory Notes
",``,43,0.0018838992332968236
8,Book,"Sophocles, 495? BCE-406 BCE","
Oedipus King of ThebesTranslated into English Rhyming Verse with Explanatory Notes
",RBS,6,0.0002628696604600219
9,Book,"Sophocles, 495? BCE-406 BCE","
Oedipus King of ThebesTranslated into English Rhyming Verse with Explanatory Notes
",CD,193,0.008455640744797372
10,Book,"Sophocles, 495? BCE-406 BCE","
Oedipus King of ThebesTranslated into English Rhyming Verse with Explanatory Notes
",VBP,478,0.02094194961664841
11,Book,"Sophocles, 495? BCE-406 BCE","
Oedipus King of ThebesTranslated into English Rhyming Verse with Explanatory Notes
",PRP$,445,0.019496166484118293
12,Book,"Sophocles, 495? BCE-406 BCE","
Oedipus King of ThebesTranslated into English Rhyming Verse with Explanatory Notes
",NN,3334,0.14606790799561883
13,Book,"Sophocles, 495? BCE-406 BCE","
Oedipus King of ThebesTranslated into English Rhyming Verse with Explanatory Notes
",POS,142,0.006221248630887185
14,Book,"Sophocles, 495? BCE-406 BCE","
Oedipus King of ThebesTranslated into English Rhyming Verse with Explanatory Notes
",PRP,1171,0.05130339539978094
15,Book,"Sophocles, 495? BCE-406 BCE","
Oedipus King of ThebesTranslated into English Rhyming Verse with Explanatory Notes
",EX,46,0.0020153340635268345
16,Book,"Sophocles, 495? BCE-406 BCE","
Oedipus King of ThebesTranslated into English Rhyming Verse with Explanatory Notes
",),22,0.0009638554216867469
17,Book,"Sophocles, 495? BCE-406 BCE","
Oedipus King of ThebesTranslated into English Rhyming Verse with Explanatory Notes
",WP,223,0.00976998904709748
18,Book,"Sophocles, 495? BCE-406 BCE","
Oedipus King of ThebesTranslated into English Rhyming Verse with Explanatory Notes
",WDT,98,0.0042935377875136915
19,Book,"Sophocles, 495? BCE-406 BCE","
Oedipus King of ThebesTranslated into English Rhyming Verse with Explanatory Notes
",CC,835,0.03658269441401971
20,Book,"Sophocles, 495? BCE-406 BCE","
Oedipus King of ThebesTranslated into English Rhyming Verse with Explanatory Notes
",VBZ,522,0.022869660460021906
21,Book,"Sophocles, 495? BCE-406 BCE","
Oedipus King of ThebesTranslated into English Rhyming Verse with Explanatory Notes
",:,444,0.019452354874041622
22,Book,"Sophocles, 495? BCE-406 BCE","
Oedipus King of ThebesTranslated into English Rhyming Verse with Explanatory Notes
",VB,841,0.03684556407447974
23,Book,"Sophocles, 495? BCE-406 BCE","
Oedipus King of ThebesTranslated into English Rhyming Verse with Explanatory Notes
",RP,39,0.0017086527929901425
24,Book,"Sophocles, 495? BCE-406 BCE","
Oedipus King of ThebesTranslated into English Rhyming Verse with Explanatory Notes
",JJR,52,0.0022782037239868565
25,Book,"Sophocles, 495? BCE-406 BCE","
Oedipus King of ThebesTranslated into English Rhyming Verse with Explanatory Notes
",JJ,1352,0.05923329682365827
26,Book,"Sophocles, 495? BCE-406 BCE","
Oedipus King of ThebesTranslated into English Rhyming Verse with Explanatory Notes
",VBN,324,0.014194961664841183
27,Book,"Sophocles, 495? BCE-406 BCE","
Oedipus King of ThebesTranslated into English Rhyming Verse with Explanatory Notes
",MD,278,0.01217962760131435
28,Book,"Sophocles, 495? BCE-406 BCE","
Oedipus King of ThebesTranslated into English Rhyming Verse with Explanatory Notes
",JJS,57,0.002497261774370208
29,Book,"Sophocles, 495? BCE-406 BCE","
Oedipus King of ThebesTranslated into English Rhyming Verse with Explanatory Notes
",",",1593,0.06979189485213581
30,Book,"Sophocles, 495? BCE-406 BCE","
Oedipus King of ThebesTranslated into English Rhyming Verse with Explanatory Notes
",IN,1896,0.08306681270536692
31,Book,"Sophocles, 495? BCE-406 BCE","
Oedipus King of ThebesTranslated into English Rhyming Verse with Explanatory Notes
",WP$,16,0.0007009857612267251
32,Book,"Sophocles, 495? BCE-406 BCE","
Oedipus King of ThebesTranslated into English Rhyming Verse with Explanatory Notes
",FW,5,0.0002190580503833516
33,Book,"Sophocles, 495? BCE-406 BCE","
Oedipus King of ThebesTranslated into English Rhyming Verse with Explanatory Notes
",VBG,152,0.006659364731653889
34,Book,"Sophocles, 495? BCE-406 BCE","
Oedipus King of ThebesTranslated into English Rhyming Verse with Explanatory Notes
",NNPS,1,4.381161007667032e-05
35,Book,"Sophocles, 495? BCE-406 BCE","
Oedipus King of ThebesTranslated into English Rhyming Verse with Explanatory Notes
",UH,35,0.0015334063526834612
36,Book,"Sophocles, 495? BCE-406 BCE","
Oedipus King of ThebesTranslated into English Rhyming Verse with Explanatory Notes
",DT,1481,0.06488499452354873
37,Book,"Sophocles, 495? BCE-406 BCE","
Oedipus King of ThebesTranslated into English Rhyming Verse with Explanatory Notes
",VBD,620,0.027163198247535596
38,Book,"Sophocles, 495? BCE-406 BCE","
Oedipus King of ThebesTranslated into English Rhyming Verse with Explanatory Notes
",NNP,2108,0.09235487404162103
39,Book,"Sophocles, 495? BCE-406 BCE","
Oedipus King of ThebesTranslated into English Rhyming Verse with Explanatory Notes
",(,22,0.0009638554216867469
40,Book,"Sophocles, 495? BCE-406 BCE","
Oedipus King of ThebesTranslated into English Rhyming Verse with Explanatory Notes
",PDT,40,0.0017524644030668128
0,Book,"Burnett, Frances Hodgson, 1849-1924","
The Secret Garden
",'',3483,0.03503847894975102
1,Book,"Burnett, Frances Hodgson, 1849-1924","
The Secret Garden
",NNS,2725,0.027413107992555707
2,Book,"Burnett, Frances Hodgson, 1849-1924","
The Secret Garden
",.,6059,0.06095266837684221
3,Book,"Burnett, Frances Hodgson, 1849-1924","
The Secret Garden
",RBR,101,0.0010160454705497712
4,Book,"Burnett, Frances Hodgson, 1849-1924","
The Secret Garden
",WRB,774,0.0077863286555002265
5,Book,"Burnett, Frances Hodgson, 1849-1924","
The Secret Garden
",TO,2010,0.020220310849554852
6,Book,"Burnett, Frances Hodgson, 1849-1924","
The Secret Garden
",``,2290,0.02303707056989085
7,Book,"Burnett, Frances Hodgson, 1849-1924","
The Secret Garden
",RB,5703,0.05737135958955787
8,Book,"Burnett, Frances Hodgson, 1849-1924","
The Secret Garden
",RBS,23,0.00023137669131331423
9,Book,"Burnett, Frances Hodgson, 1849-1924","
The Secret Garden
",CD,509,0.005120466777325084
10,Book,"Burnett, Frances Hodgson, 1849-1924","
The Secret Garden
",VBP,1565,0.015743674865449423
11,Book,"Burnett, Frances Hodgson, 1849-1924","
The Secret Garden
",PRP$,1876,0.018872290126251193
12,Book,"Burnett, Frances Hodgson, 1849-1924","
The Secret Garden
",NN,9725,0.09783210100095568
13,Book,"Burnett, Frances Hodgson, 1849-1924","
The Secret Garden
",POS,918,0.009234947940244454
14,Book,"Burnett, Frances Hodgson, 1849-1924","
The Secret Garden
",PRP,9850,0.09908958301896283
15,Book,"Burnett, Frances Hodgson, 1849-1924","
The Secret Garden
",EX,368,0.0037020270610130276
16,Book,"Burnett, Frances Hodgson, 1849-1924","
The Secret Garden
",),18,0.00018107741059302852
17,Book,"Burnett, Frances Hodgson, 1849-1924","
The Secret Garden
",WP,446,0.004486695840249484
18,Book,"Burnett, Frances Hodgson, 1849-1924","
The Secret Garden
",WDT,233,0.0023439464815653136
19,Book,"Burnett, Frances Hodgson, 1849-1924","
The Secret Garden
",VBZ,1509,0.015180322921382224
20,Book,"Burnett, Frances Hodgson, 1849-1924","
The Secret Garden
",CC,3946,0.039696192344449474
21,Book,"Burnett, Frances Hodgson, 1849-1924","
The Secret Garden
",:,599,0.006025853830290227
22,Book,"Burnett, Frances Hodgson, 1849-1924","
The Secret Garden
",VB,3905,0.03928373824254313
23,Book,"Burnett, Frances Hodgson, 1849-1924","
The Secret Garden
",RP,640,0.00643830793219657
24,Book,"Burnett, Frances Hodgson, 1849-1924","
The Secret Garden
",JJR,198,0.001991851516523314
25,Book,"Burnett, Frances Hodgson, 1849-1924","
The Secret Garden
",JJ,5136,0.05166742115587747
26,Book,"Burnett, Frances Hodgson, 1849-1924","
The Secret Garden
",VBN,1917,0.019284744228157537
27,Book,"Burnett, Frances Hodgson, 1849-1924","
The Secret Garden
",MD,1496,0.015049544791509481
28,Book,"Burnett, Frances Hodgson, 1849-1924","
The Secret Garden
",JJS,118,0.0011870630249987426
29,Book,"Burnett, Frances Hodgson, 1849-1924","
The Secret Garden
",",",3140,0.03158794829233942
30,Book,"Burnett, Frances Hodgson, 1849-1924","
The Secret Garden
",IN,8471,0.08521704139630804
31,Book,"Burnett, Frances Hodgson, 1849-1924","
The Secret Garden
",WP$,13,0.0001307781298727428
32,Book,"Burnett, Frances Hodgson, 1849-1924","
The Secret Garden
",FW,11,0.00011065841758462853
33,Book,"Burnett, Frances Hodgson, 1849-1924","
The Secret Garden
",VBG,1435,0.014435893566721996
34,Book,"Burnett, Frances Hodgson, 1849-1924","
The Secret Garden
",NNPS,5,5.02992807202857e-05
35,Book,"Burnett, Frances Hodgson, 1849-1924","
The Secret Garden
",UH,85,0.0008550877722448569
36,Book,"Burnett, Frances Hodgson, 1849-1924","
The Secret Garden
",DT,6511,0.06549972335395604
37,Book,"Burnett, Frances Hodgson, 1849-1924","
The Secret Garden
",VBD,7828,0.0787485538956793
38,Book,"Burnett, Frances Hodgson, 1849-1924","
The Secret Garden
",NNP,3658,0.03679895377496102
39,Book,"Burnett, Frances Hodgson, 1849-1924","
The Secret Garden
",PDT,90,0.0009053870529651426
40,Book,"Burnett, Frances Hodgson, 1849-1924","
The Secret Garden
",(,18,0.00018107741059302852
0,Book,"Brooke, L. Leslie (Leonard Leslie), 1862-1940","
The Story of the Three Little Pigs
",NNS,10,0.0073152889539136795
1,Book,"Brooke, L. Leslie (Leonard Leslie), 1862-1940","
The Story of the Three Little Pigs
",'',33,0.024140453547915143
2,Book,"Brooke, L. Leslie (Leonard Leslie), 1862-1940","
The Story of the Three Little Pigs
",.,54,0.03950256035113387
3,Book,"Brooke, L. Leslie (Leonard Leslie), 1862-1940","
The Story of the Three Little Pigs
",TO,21,0.015362106803218726
4,Book,"Brooke, L. Leslie (Leonard Leslie), 1862-1940","
The Story of the Three Little Pigs
",WRB,11,0.008046817849305048
5,Book,"Brooke, L. Leslie (Leonard Leslie), 1862-1940","
The Story of the Three Little Pigs
",RB,52,0.038039502560351136
6,Book,"Brooke, L. Leslie (Leonard Leslie), 1862-1940","
The Story of the Three Little Pigs
",``,33,0.024140453547915143
7,Book,"Brooke, L. Leslie (Leonard Leslie), 1862-1940","
The Story of the Three Little Pigs
",CD,9,0.006583760058522311
8,Book,"Brooke, L. Leslie (Leonard Leslie), 1862-1940","
The Story of the Three Little Pigs
",PRP$,12,0.008778346744696415
9,Book,"Brooke, L. Leslie (Leonard Leslie), 1862-1940","
The Story of the Three Little Pigs
",VBP,7,0.005120702267739576
10,Book,"Brooke, L. Leslie (Leonard Leslie), 1862-1940","
The Story of the Three Little Pigs
",NN,123,0.08997805413313825
11,Book,"Brooke, L. Leslie (Leonard Leslie), 1862-1940","
The Story of the Three Little Pigs
",POS,2,0.001463057790782736
12,Book,"Brooke, L. Leslie (Leonard Leslie), 1862-1940","
The Story of the Three Little Pigs
",EX,4,0.002926115581565472
13,Book,"Brooke, L. Leslie (Leonard Leslie), 1862-1940","
The Story of the Three Little Pigs
",PRP,107,0.07827359180687637
14,Book,"Brooke, L. Leslie (Leonard Leslie), 1862-1940","
The Story of the Three Little Pigs
",),2,0.001463057790782736
15,Book,"Brooke, L. Leslie (Leonard Leslie), 1862-1940","
The Story of the Three Little Pigs
",WP,5,0.0036576444769568397
16,Book,"Brooke, L. Leslie (Leonard Leslie), 1862-1940","
The Story of the Three Little Pigs
",WDT,8,0.005852231163130944
17,Book,"Brooke, L. Leslie (Leonard Leslie), 1862-1940","
The Story of the Three Little Pigs
",VBZ,7,0.005120702267739576
18,Book,"Brooke, L. Leslie (Leonard Leslie), 1862-1940","
The Story of the Three Little Pigs
",CC,73,0.053401609363569864
19,Book,"Brooke, L. Leslie (Leonard Leslie), 1862-1940","
The Story of the Three Little Pigs
",:,16,0.011704462326261888
20,Book,"Brooke, L. Leslie (Leonard Leslie), 1862-1940","
The Story of the Three Little Pigs
",VB,57,0.04169714703730797
21,Book,"Brooke, L. Leslie (Leonard Leslie), 1862-1940","
The Story of the Three Little Pigs
",RP,18,0.013167520117044623
22,Book,"Brooke, L. Leslie (Leonard Leslie), 1862-1940","
The Story of the Three Little Pigs
",JJ,93,0.06803218727139722
23,Book,"Brooke, L. Leslie (Leonard Leslie), 1862-1940","
The Story of the Three Little Pigs
",VBN,5,0.0036576444769568397
24,Book,"Brooke, L. Leslie (Leonard Leslie), 1862-1940","
The Story of the Three Little Pigs
",MD,26,0.019019751280175568
25,Book,"Brooke, L. Leslie (Leonard Leslie), 1862-1940","
The Story of the Three Little Pigs
",",",118,0.08632040965618142
26,Book,"Brooke, L. Leslie (Leonard Leslie), 1862-1940","
The Story of the Three Little Pigs
",IN,96,0.07022677395757132
27,Book,"Brooke, L. Leslie (Leonard Leslie), 1862-1940","
The Story of the Three Little Pigs
",VBG,7,0.005120702267739576
28,Book,"Brooke, L. Leslie (Leonard Leslie), 1862-1940","
The Story of the Three Little Pigs
",UH,8,0.005852231163130944
29,Book,"Brooke, L. Leslie (Leonard Leslie), 1862-1940","
The Story of the Three Little Pigs
",DT,111,0.08119970738844184
30,Book,"Brooke, L. Leslie (Leonard Leslie), 1862-1940","
The Story of the Three Little Pigs
",VBD,111,0.08119970738844184
31,Book,"Brooke, L. Leslie (Leonard Leslie), 1862-1940","
The Story of the Three Little Pigs
",NNP,125,0.091441111923921
32,Book,"Brooke, L. Leslie (Leonard Leslie), 1862-1940","
The Story of the Three Little Pigs
",(,2,0.001463057790782736
33,Book,"Brooke, L. Leslie (Leonard Leslie), 1862-1940","
The Story of the Three Little Pigs
",PDT,1,0.000731528895391368
0,Book,"Maugham, W. Somerset (William Somerset), 1874-1965","
The Painted Veil
",'',1354,0.015782357329354717
1,Book,"Maugham, W. Somerset (William Somerset), 1874-1965","
The Painted Veil
",NNS,1957,0.022810984707198806
2,Book,"Maugham, W. Somerset (William Somerset), 1874-1965","
The Painted Veil
",.,5340,0.06224356583364416
3,Book,"Maugham, W. Somerset (William Somerset), 1874-1965","
The Painted Veil
",RBR,115,0.0013404513241327862
4,Book,"Maugham, W. Somerset (William Somerset), 1874-1965","
The Painted Veil
",WRB,563,0.006562383439015293
5,Book,"Maugham, W. Somerset (William Somerset), 1874-1965","
The Painted Veil
",TO,2217,0.025841570309585976
6,Book,"Maugham, W. Somerset (William Somerset), 1874-1965","
The Painted Veil
",``,1344,0.015665796344647518
7,Book,"Maugham, W. Somerset (William Somerset), 1874-1965","
The Painted Veil
",RB,5051,0.058874953375606116
8,Book,"Maugham, W. Somerset (William Somerset), 1874-1965","
The Painted Veil
",RBS,21,0.00024477806788511747
9,Book,"Maugham, W. Somerset (William Somerset), 1874-1965","
The Painted Veil
",CD,345,0.004021353972398359
10,Book,"Maugham, W. Somerset (William Somerset), 1874-1965","
The Painted Veil
",VBP,1578,0.018393323386795973
11,Book,"Maugham, W. Somerset (William Somerset), 1874-1965","
The Painted Veil
",PRP$,2472,0.028813875419619547
12,Book,"Maugham, W. Somerset (William Somerset), 1874-1965","
The Painted Veil
",NN,8924,0.10401902275270422
13,Book,"Maugham, W. Somerset (William Somerset), 1874-1965","
The Painted Veil
",POS,236,0.0027508392390898917
14,Book,"Maugham, W. Somerset (William Somerset), 1874-1965","
The Painted Veil
",PRP,9808,0.11432301380082059
15,Book,"Maugham, W. Somerset (William Somerset), 1874-1965","
The Painted Veil
",EX,196,0.0022845953002610967
16,Book,"Maugham, W. Somerset (William Somerset), 1874-1965","
The Painted Veil
",),42,0.0004895561357702349
17,Book,"Maugham, W. Somerset (William Somerset), 1874-1965","
The Painted Veil
",WP,414,0.00482562476687803
18,Book,"Maugham, W. Somerset (William Somerset), 1874-1965","
The Painted Veil
",WDT,387,0.004510910108168594
19,Book,"Maugham, W. Somerset (William Somerset), 1874-1965","
The Painted Veil
",VBZ,920,0.01072361059306229
20,Book,"Maugham, W. Somerset (William Somerset), 1874-1965","
The Painted Veil
",CC,2899,0.03379102946661693
21,Book,"Maugham, W. Somerset (William Somerset), 1874-1965","
The Painted Veil
",:,569,0.006632320029839612
22,Book,"Maugham, W. Somerset (William Somerset), 1874-1965","
The Painted Veil
",VB,3602,0.04198526669153301
23,Book,"Maugham, W. Somerset (William Somerset), 1874-1965","
The Painted Veil
",RP,297,0.0034618612458038045
24,Book,"Maugham, W. Somerset (William Somerset), 1874-1965","
The Painted Veil
",JJR,136,0.0015852293920179037
25,Book,"Maugham, W. Somerset (William Somerset), 1874-1965","
The Painted Veil
",VBN,1802,0.021004289444237226
26,Book,"Maugham, W. Somerset (William Somerset), 1874-1965","
The Painted Veil
",JJ,4398,0.051263521074226034
27,Book,"Maugham, W. Somerset (William Somerset), 1874-1965","
The Painted Veil
",MD,1428,0.01664490861618799
28,Book,"Maugham, W. Somerset (William Somerset), 1874-1965","
The Painted Veil
",JJS,101,0.001177265945542708
29,Book,"Maugham, W. Somerset (William Somerset), 1874-1965","
The Painted Veil
",",",2981,0.03474682954121596
30,Book,"Maugham, W. Somerset (William Somerset), 1874-1965","
The Painted Veil
",IN,7947,0.09263101454681089
31,Book,"Maugham, W. Somerset (William Somerset), 1874-1965","
The Painted Veil
",WP$,10,0.0001165609847071988
32,Book,"Maugham, W. Somerset (William Somerset), 1874-1965","
The Painted Veil
",FW,6,6.993659082431928e-05
33,Book,"Maugham, W. Somerset (William Somerset), 1874-1965","
The Painted Veil
",VBG,1012,0.01179597165236852
34,Book,"Maugham, W. Somerset (William Somerset), 1874-1965","
The Painted Veil
",NNPS,18,0.00020980977247295784
35,Book,"Maugham, W. Somerset (William Somerset), 1874-1965","
The Painted Veil
",UH,135,0.001573573293547184
36,Book,"Maugham, W. Somerset (William Somerset), 1874-1965","
The Painted Veil
",DT,6106,0.07117213726221559
37,Book,"Maugham, W. Somerset (William Somerset), 1874-1965","
The Painted Veil
",VBD,6756,0.07874860126818352
38,Book,"Maugham, W. Somerset (William Somerset), 1874-1965","
The Painted Veil
",NNP,2173,0.025328701976874302
39,Book,"Maugham, W. Somerset (William Somerset), 1874-1965","
The Painted Veil
",(,42,0.0004895561357702349
40,Book,"Maugham, W. Somerset (William Somerset), 1874-1965","
The Painted Veil
",PDT,90,0.0010490488623647893
0,Book,"Leblanc, Maurice, 1864-1941","
The Extraordinary Adventures of Arsène Lupin, Gentleman-Burglar
",NNS,1955,0.029121730322349996
1,Book,"Leblanc, Maurice, 1864-1941","
The Extraordinary Adventures of Arsène Lupin, Gentleman-Burglar
",'',1519,0.022627063099565036
2,Book,"Leblanc, Maurice, 1864-1941","
The Extraordinary Adventures of Arsène Lupin, Gentleman-Burglar
",.,4365,0.06502115235655127
3,Book,"Leblanc, Maurice, 1864-1941","
The Extraordinary Adventures of Arsène Lupin, Gentleman-Burglar
",RBR,68,0.0010129297503426087
4,Book,"Leblanc, Maurice, 1864-1941","
The Extraordinary Adventures of Arsène Lupin, Gentleman-Burglar
",TO,1311,0.01952868974557588
5,Book,"Leblanc, Maurice, 1864-1941","
The Extraordinary Adventures of Arsène Lupin, Gentleman-Burglar
",WRB,293,0.0043645355419174164
6,Book,"Leblanc, Maurice, 1864-1941","
The Extraordinary Adventures of Arsène Lupin, Gentleman-Burglar
",RBS,38,0.0005660489781326342
7,Book,"Leblanc, Maurice, 1864-1941","
The Extraordinary Adventures of Arsène Lupin, Gentleman-Burglar
",RB,2746,0.04090448668295299
8,Book,"Leblanc, Maurice, 1864-1941","
The Extraordinary Adventures of Arsène Lupin, Gentleman-Burglar
",``,1511,0.022507894893642376
9,Book,"Leblanc, Maurice, 1864-1941","
The Extraordinary Adventures of Arsène Lupin, Gentleman-Burglar
",CD,566,0.008431150569028184
10,Book,"Leblanc, Maurice, 1864-1941","
The Extraordinary Adventures of Arsène Lupin, Gentleman-Burglar
",VBP,927,0.013808615861288209
11,Book,"Leblanc, Maurice, 1864-1941","
The Extraordinary Adventures of Arsène Lupin, Gentleman-Burglar
",PRP$,1405,0.020928916165167132
12,Book,"Leblanc, Maurice, 1864-1941","
The Extraordinary Adventures of Arsène Lupin, Gentleman-Burglar
",NN,8350,0.1243818149317762
13,Book,"Leblanc, Maurice, 1864-1941","
The Extraordinary Adventures of Arsène Lupin, Gentleman-Burglar
",POS,140,0.002085443603646547
14,Book,"Leblanc, Maurice, 1864-1941","
The Extraordinary Adventures of Arsène Lupin, Gentleman-Burglar
",PRP,4748,0.07072633021509861
15,Book,"Leblanc, Maurice, 1864-1941","
The Extraordinary Adventures of Arsène Lupin, Gentleman-Burglar
",EX,124,0.0018471071918012274
16,Book,"Leblanc, Maurice, 1864-1941","
The Extraordinary Adventures of Arsène Lupin, Gentleman-Burglar
",),2,2.9792051480664958e-05
17,Book,"Leblanc, Maurice, 1864-1941","
The Extraordinary Adventures of Arsène Lupin, Gentleman-Burglar
",WP,396,0.005898826193171662
18,Book,"Leblanc, Maurice, 1864-1941","
The Extraordinary Adventures of Arsène Lupin, Gentleman-Burglar
",WDT,357,0.005317881189298695
19,Book,"Leblanc, Maurice, 1864-1941","
The Extraordinary Adventures of Arsène Lupin, Gentleman-Burglar
",CC,2056,0.030626228922123577
20,Book,"Leblanc, Maurice, 1864-1941","
The Extraordinary Adventures of Arsène Lupin, Gentleman-Burglar
",VBZ,750,0.011172019305249359
21,Book,"Leblanc, Maurice, 1864-1941","
The Extraordinary Adventures of Arsène Lupin, Gentleman-Burglar
",:,860,0.012810582136685933
22,Book,"Leblanc, Maurice, 1864-1941","
The Extraordinary Adventures of Arsène Lupin, Gentleman-Burglar
",VB,2034,0.030298516355836264
23,Book,"Leblanc, Maurice, 1864-1941","
The Extraordinary Adventures of Arsène Lupin, Gentleman-Burglar
",RP,123,0.001832211166060895
24,Book,"Leblanc, Maurice, 1864-1941","
The Extraordinary Adventures of Arsène Lupin, Gentleman-Burglar
",JJR,74,0.0011023059047846034
25,Book,"Leblanc, Maurice, 1864-1941","
The Extraordinary Adventures of Arsène Lupin, Gentleman-Burglar
",JJ,3127,0.046579872490019665
26,Book,"Leblanc, Maurice, 1864-1941","
The Extraordinary Adventures of Arsène Lupin, Gentleman-Burglar
",VBN,1500,0.022344038610498718
27,Book,"Leblanc, Maurice, 1864-1941","
The Extraordinary Adventures of Arsène Lupin, Gentleman-Burglar
",MD,779,0.011604004051719002
28,Book,"Leblanc, Maurice, 1864-1941","
The Extraordinary Adventures of Arsène Lupin, Gentleman-Burglar
",JJS,67,0.0009980337246022761
29,Book,"Leblanc, Maurice, 1864-1941","
The Extraordinary Adventures of Arsène Lupin, Gentleman-Burglar
",",",4358,0.06491688017636894
30,Book,"Leblanc, Maurice, 1864-1941","
The Extraordinary Adventures of Arsène Lupin, Gentleman-Burglar
",IN,6102,0.09089554906750878
31,Book,"Leblanc, Maurice, 1864-1941","
The Extraordinary Adventures of Arsène Lupin, Gentleman-Burglar
",WP$,20,0.0002979205148066496
32,Book,"Leblanc, Maurice, 1864-1941","
The Extraordinary Adventures of Arsène Lupin, Gentleman-Burglar
",FW,77,0.001146993982005601
33,Book,"Leblanc, Maurice, 1864-1941","
The Extraordinary Adventures of Arsène Lupin, Gentleman-Burglar
",VBG,659,0.009816480962879104
34,Book,"Leblanc, Maurice, 1864-1941","
The Extraordinary Adventures of Arsène Lupin, Gentleman-Burglar
",NNPS,3,4.4688077220997435e-05
35,Book,"Leblanc, Maurice, 1864-1941","
The Extraordinary Adventures of Arsène Lupin, Gentleman-Burglar
",UH,186,0.002770660787701841
36,Book,"Leblanc, Maurice, 1864-1941","
The Extraordinary Adventures of Arsène Lupin, Gentleman-Burglar
",DT,6615,0.09853721027229935
37,Book,"Leblanc, Maurice, 1864-1941","
The Extraordinary Adventures of Arsène Lupin, Gentleman-Burglar
",VBD,4181,0.0622802836203301
38,Book,"Leblanc, Maurice, 1864-1941","
The Extraordinary Adventures of Arsène Lupin, Gentleman-Burglar
",NNP,2665,0.03969790859798606
39,Book,"Leblanc, Maurice, 1864-1941","
The Extraordinary Adventures of Arsène Lupin, Gentleman-Burglar
",PDT,73,0.001087409879044271
40,Book,"Leblanc, Maurice, 1864-1941","
The Extraordinary Adventures of Arsène Lupin, Gentleman-Burglar
",(,2,2.9792051480664958e-05
0,Book,"Congreve, William, 1670-1729","
The Way of the World
",NNS,703,0.019330711909148403
1,Book,"Congreve, William, 1670-1729","
The Way of the World
",'',66,0.0018148321280281575
2,Book,"Congreve, William, 1670-1729","
The Way of the World
",.,3223,0.08862430225204168
3,Book,"Congreve, William, 1670-1729","
The Way of the World
",RBR,58,0.0015948524761459565
4,Book,"Congreve, William, 1670-1729","
The Way of the World
",TO,776,0.021338026232573488
5,Book,"Congreve, William, 1670-1729","
The Way of the World
",WRB,185,0.005087029449775896
6,Book,"Congreve, William, 1670-1729","
The Way of the World
",RB,1534,0.04218109824841202
7,Book,"Congreve, William, 1670-1729","
The Way of the World
",RBS,14,0.00038496439079385155
8,Book,"Congreve, William, 1670-1729","
The Way of the World
",CD,171,0.004702065058982044
9,Book,"Congreve, William, 1670-1729","
The Way of the World
",VBP,1160,0.03189704952291913
10,Book,"Congreve, William, 1670-1729","
The Way of the World
",PRP$,1075,0.029559765721670746
11,Book,"Congreve, William, 1670-1729","
The Way of the World
",NN,4248,0.11680919514944868
12,Book,"Congreve, William, 1670-1729","
The Way of the World
",POS,206,0.005664476035966673
13,Book,"Congreve, William, 1670-1729","
The Way of the World
",EX,64,0.0017598372150576071
14,Book,"Congreve, William, 1670-1729","
The Way of the World
",PRP,3083,0.08477465834410317
15,Book,"Congreve, William, 1670-1729","
The Way of the World
",),9,0.00024747710836747603
16,Book,"Congreve, William, 1670-1729","
The Way of the World
",WP,208,0.005719470948937223
17,Book,"Congreve, William, 1670-1729","
The Way of the World
",WDT,137,0.0037671515384826906
18,Book,"Congreve, William, 1670-1729","
The Way of the World
",CC,1080,0.029697253004097122
19,Book,"Congreve, William, 1670-1729","
The Way of the World
",VBZ,776,0.021338026232573488
20,Book,"Congreve, William, 1670-1729","
The Way of the World
",VB,1862,0.05120026397558226
21,Book,"Congreve, William, 1670-1729","
The Way of the World
",:,757,0.02081557455935326
22,Book,"Congreve, William, 1670-1729","
The Way of the World
",RP,90,0.00247477108367476
23,Book,"Congreve, William, 1670-1729","
The Way of the World
",JJR,70,0.001924821953969258
24,Book,"Congreve, William, 1670-1729","
The Way of the World
",VBN,684,0.018808260235928177
25,Book,"Congreve, William, 1670-1729","
The Way of the World
",JJ,1490,0.040971210163059914
26,Book,"Congreve, William, 1670-1729","
The Way of the World
",MD,901,0.024775208293232875
27,Book,"Congreve, William, 1670-1729","
The Way of the World
",JJS,50,0.0013748728242637556
28,Book,"Congreve, William, 1670-1729","
The Way of the World
",",",2761,0.07592047735584459
29,Book,"Congreve, William, 1670-1729","
The Way of the World
",IN,2768,0.0761129595512415
30,Book,"Congreve, William, 1670-1729","
The Way of the World
",WP$,5,0.00013748728242637555
31,Book,"Congreve, William, 1670-1729","
The Way of the World
",FW,24,0.0006599389556466026
32,Book,"Congreve, William, 1670-1729","
The Way of the World
",VBG,202,0.005554486210025572
33,Book,"Congreve, William, 1670-1729","
The Way of the World
",NNPS,4,0.00010998982594110045
34,Book,"Congreve, William, 1670-1729","
The Way of the World
",UH,118,0.0032446998652624634
35,Book,"Congreve, William, 1670-1729","
The Way of the World
",DT,2218,0.0609893584843402
36,Book,"Congreve, William, 1670-1729","
The Way of the World
",VBD,524,0.014408667198284158
37,Book,"Congreve, William, 1670-1729","
The Way of the World
",NNP,3039,0.08356477025875106
38,Book,"Congreve, William, 1670-1729","
The Way of the World
",(,9,0.00024747710836747603
39,Book,"Congreve, William, 1670-1729","
The Way of the World
",PDT,15,0.00041246184727912667
0,Book,"Hoffmann, Heinrich, 1809-1894","
Struwwelpeter: Merry Stories and Funny Pictures
",'',30,0.010073875083948958
1,Book,"Hoffmann, Heinrich, 1809-1894","
Struwwelpeter: Merry Stories and Funny Pictures
",NNS,97,0.0325721961047683
2,Book,"Hoffmann, Heinrich, 1809-1894","
Struwwelpeter: Merry Stories and Funny Pictures
",.,161,0.05406312961719275
3,Book,"Hoffmann, Heinrich, 1809-1894","
Struwwelpeter: Merry Stories and Funny Pictures
",RBR,6,0.0020147750167897917
4,Book,"Hoffmann, Heinrich, 1809-1894","
Struwwelpeter: Merry Stories and Funny Pictures
",WRB,21,0.007051712558764272
5,Book,"Hoffmann, Heinrich, 1809-1894","
Struwwelpeter: Merry Stories and Funny Pictures
",TO,36,0.01208865010073875
6,Book,"Hoffmann, Heinrich, 1809-1894","
Struwwelpeter: Merry Stories and Funny Pictures
",RB,180,0.06044325050369376
7,Book,"Hoffmann, Heinrich, 1809-1894","
Struwwelpeter: Merry Stories and Funny Pictures
",``,29,0.009738079247817328
8,Book,"Hoffmann, Heinrich, 1809-1894","
Struwwelpeter: Merry Stories and Funny Pictures
",CD,22,0.007387508394895903
9,Book,"Hoffmann, Heinrich, 1809-1894","
Struwwelpeter: Merry Stories and Funny Pictures
",VBP,52,0.017461383478844864
10,Book,"Hoffmann, Heinrich, 1809-1894","
Struwwelpeter: Merry Stories and Funny Pictures
",PRP$,59,0.019811954331766288
11,Book,"Hoffmann, Heinrich, 1809-1894","
Struwwelpeter: Merry Stories and Funny Pictures
",POS,12,0.004029550033579583
12,Book,"Hoffmann, Heinrich, 1809-1894","
Struwwelpeter: Merry Stories and Funny Pictures
",NN,309,0.10376091336467427
13,Book,"Hoffmann, Heinrich, 1809-1894","
Struwwelpeter: Merry Stories and Funny Pictures
",PRP,190,0.06380120886501008
14,Book,"Hoffmann, Heinrich, 1809-1894","
Struwwelpeter: Merry Stories and Funny Pictures
",EX,5,0.0016789791806581598
15,Book,"Hoffmann, Heinrich, 1809-1894","
Struwwelpeter: Merry Stories and Funny Pictures
",WP,17,0.005708529214237743
16,Book,"Hoffmann, Heinrich, 1809-1894","
Struwwelpeter: Merry Stories and Funny Pictures
",WDT,4,0.001343183344526528
17,Book,"Hoffmann, Heinrich, 1809-1894","
Struwwelpeter: Merry Stories and Funny Pictures
",CC,171,0.05742108797850907
18,Book,"Hoffmann, Heinrich, 1809-1894","
Struwwelpeter: Merry Stories and Funny Pictures
",VBZ,74,0.024848891873740765
19,Book,"Hoffmann, Heinrich, 1809-1894","
Struwwelpeter: Merry Stories and Funny Pictures
",:,87,0.02921423774345198
20,Book,"Hoffmann, Heinrich, 1809-1894","
Struwwelpeter: Merry Stories and Funny Pictures
",VB,97,0.0325721961047683
21,Book,"Hoffmann, Heinrich, 1809-1894","
Struwwelpeter: Merry Stories and Funny Pictures
",JJR,5,0.0016789791806581598
22,Book,"Hoffmann, Heinrich, 1809-1894","
Struwwelpeter: Merry Stories and Funny Pictures
",RP,30,0.010073875083948958
23,Book,"Hoffmann, Heinrich, 1809-1894","
Struwwelpeter: Merry Stories and Funny Pictures
",JJ,180,0.06044325050369376
24,Book,"Hoffmann, Heinrich, 1809-1894","
Struwwelpeter: Merry Stories and Funny Pictures
",VBN,30,0.010073875083948958
25,Book,"Hoffmann, Heinrich, 1809-1894","
Struwwelpeter: Merry Stories and Funny Pictures
",MD,30,0.010073875083948958
26,Book,"Hoffmann, Heinrich, 1809-1894","
Struwwelpeter: Merry Stories and Funny Pictures
",JJS,1,0.000335795836131632
27,Book,"Hoffmann, Heinrich, 1809-1894","
Struwwelpeter: Merry Stories and Funny Pictures
",",",276,0.09267965077233042
28,Book,"Hoffmann, Heinrich, 1809-1894","
Struwwelpeter: Merry Stories and Funny Pictures
",IN,178,0.05977165883143049
29,Book,"Hoffmann, Heinrich, 1809-1894","
Struwwelpeter: Merry Stories and Funny Pictures
",FW,2,0.000671591672263264
30,Book,"Hoffmann, Heinrich, 1809-1894","
Struwwelpeter: Merry Stories and Funny Pictures
",NNPS,2,0.000671591672263264
31,Book,"Hoffmann, Heinrich, 1809-1894","
Struwwelpeter: Merry Stories and Funny Pictures
",VBG,21,0.007051712558764272
32,Book,"Hoffmann, Heinrich, 1809-1894","
Struwwelpeter: Merry Stories and Funny Pictures
",UH,17,0.005708529214237743
33,Book,"Hoffmann, Heinrich, 1809-1894","
Struwwelpeter: Merry Stories and Funny Pictures
",DT,205,0.06883814640698456
34,Book,"Hoffmann, Heinrich, 1809-1894","
Struwwelpeter: Merry Stories and Funny Pictures
",VBD,157,0.05271994627266622
35,Book,"Hoffmann, Heinrich, 1809-1894","
Struwwelpeter: Merry Stories and Funny Pictures
",NNP,182,0.061114842175957015
36,Book,"Hoffmann, Heinrich, 1809-1894","
Struwwelpeter: Merry Stories and Funny Pictures
",PDT,3,0.0010073875083948958
0,Book,"Vonnegut, Kurt, 1922-2007","
The Big Trip Up Yonder
",NNS,124,0.026991728341314757
1,Book,"Vonnegut, Kurt, 1922-2007","
The Big Trip Up Yonder
",'',109,0.02372659991292991
2,Book,"Vonnegut, Kurt, 1922-2007","
The Big Trip Up Yonder
",.,256,0.055724858511101434
3,Book,"Vonnegut, Kurt, 1922-2007","
The Big Trip Up Yonder
",RBR,2,0.00043535045711797995
4,Book,"Vonnegut, Kurt, 1922-2007","
The Big Trip Up Yonder
",WRB,18,0.00391815411406182
5,Book,"Vonnegut, Kurt, 1922-2007","
The Big Trip Up Yonder
",TO,87,0.018937744884632127
6,Book,"Vonnegut, Kurt, 1922-2007","
The Big Trip Up Yonder
",RB,220,0.047888550282977796
7,Book,"Vonnegut, Kurt, 1922-2007","
The Big Trip Up Yonder
",``,98,0.02133217239878102
8,Book,"Vonnegut, Kurt, 1922-2007","
The Big Trip Up Yonder
",CD,43,0.00936003482803657
9,Book,"Vonnegut, Kurt, 1922-2007","
The Big Trip Up Yonder
",PRP$,87,0.018937744884632127
10,Book,"Vonnegut, Kurt, 1922-2007","
The Big Trip Up Yonder
",VBP,51,0.01110143665650849
11,Book,"Vonnegut, Kurt, 1922-2007","
The Big Trip Up Yonder
",NN,615,0.13387026556377885
12,Book,"Vonnegut, Kurt, 1922-2007","
The Big Trip Up Yonder
",POS,26,0.0056595559425337396
13,Book,"Vonnegut, Kurt, 1922-2007","
The Big Trip Up Yonder
",PRP,209,0.04549412276882891
14,Book,"Vonnegut, Kurt, 1922-2007","
The Big Trip Up Yonder
",EX,8,0.0017414018284719198
15,Book,"Vonnegut, Kurt, 1922-2007","
The Big Trip Up Yonder
",WP,29,0.006312581628210709
16,Book,"Vonnegut, Kurt, 1922-2007","
The Big Trip Up Yonder
",WDT,16,0.0034828036569438396
17,Book,"Vonnegut, Kurt, 1922-2007","
The Big Trip Up Yonder
",VBZ,42,0.00914235959947758
18,Book,"Vonnegut, Kurt, 1922-2007","
The Big Trip Up Yonder
",CC,141,0.030692207226817588
19,Book,"Vonnegut, Kurt, 1922-2007","
The Big Trip Up Yonder
",VB,135,0.02938615585546365
20,Book,"Vonnegut, Kurt, 1922-2007","
The Big Trip Up Yonder
",:,32,0.006965607313887679
21,Book,"Vonnegut, Kurt, 1922-2007","
The Big Trip Up Yonder
",JJR,8,0.0017414018284719198
22,Book,"Vonnegut, Kurt, 1922-2007","
The Big Trip Up Yonder
",RP,26,0.0056595559425337396
23,Book,"Vonnegut, Kurt, 1922-2007","
The Big Trip Up Yonder
",$,1,0.00021767522855898998
24,Book,"Vonnegut, Kurt, 1922-2007","
The Big Trip Up Yonder
",VBN,104,0.022638223770134958
25,Book,"Vonnegut, Kurt, 1922-2007","
The Big Trip Up Yonder
",JJ,213,0.04636482368306487
26,Book,"Vonnegut, Kurt, 1922-2007","
The Big Trip Up Yonder
",MD,45,0.00979538528515455
27,Book,"Vonnegut, Kurt, 1922-2007","
The Big Trip Up Yonder
",JJS,12,0.00261210274270788
28,Book,"Vonnegut, Kurt, 1922-2007","
The Big Trip Up Yonder
",",",341,0.07422725293861558
29,Book,"Vonnegut, Kurt, 1922-2007","
The Big Trip Up Yonder
",IN,428,0.09316499782324772
30,Book,"Vonnegut, Kurt, 1922-2007","
The Big Trip Up Yonder
",WP$,1,0.00021767522855898998
31,Book,"Vonnegut, Kurt, 1922-2007","
The Big Trip Up Yonder
",VBG,87,0.018937744884632127
32,Book,"Vonnegut, Kurt, 1922-2007","
The Big Trip Up Yonder
",UH,5,0.00108837614279495
33,Book,"Vonnegut, Kurt, 1922-2007","
The Big Trip Up Yonder
",DT,384,0.08358728776665215
34,Book,"Vonnegut, Kurt, 1922-2007","
The Big Trip Up Yonder
",VBD,306,0.06660861993905094
35,Book,"Vonnegut, Kurt, 1922-2007","
The Big Trip Up Yonder
",NNP,283,0.06160208968219417
36,Book,"Vonnegut, Kurt, 1922-2007","
The Big Trip Up Yonder
",PDT,2,0.00043535045711797995
0,Book,"Browning, Elizabeth Barrett, 1806-1861","
Aurora Leigh
",NNS,4032,0.03681284066942398
1,Book,"Browning, Elizabeth Barrett, 1806-1861","
Aurora Leigh
",'',1225,0.011184456800606243
2,Book,"Browning, Elizabeth Barrett, 1806-1861","
Aurora Leigh
",.,3861,0.03525158180174751
3,Book,"Browning, Elizabeth Barrett, 1806-1861","
Aurora Leigh
",RBR,128,0.0011686616085531422
4,Book,"Browning, Elizabeth Barrett, 1806-1861","
Aurora Leigh
",TO,1931,0.01763035598528217
5,Book,"Browning, Elizabeth Barrett, 1806-1861","
Aurora Leigh
",WRB,519,0.004738557615930319
6,Book,"Browning, Elizabeth Barrett, 1806-1861","
Aurora Leigh
",``,8,7.304135053457139e-05
7,Book,"Browning, Elizabeth Barrett, 1806-1861","
Aurora Leigh
",RB,5602,0.051147205711833614
8,Book,"Browning, Elizabeth Barrett, 1806-1861","
Aurora Leigh
",RBS,36,0.00032868607740557123
9,Book,"Browning, Elizabeth Barrett, 1806-1861","
Aurora Leigh
",CD,487,0.004446392213792033
10,Book,"Browning, Elizabeth Barrett, 1806-1861","
Aurora Leigh
",VBP,2390,0.0218211034722032
11,Book,"Browning, Elizabeth Barrett, 1806-1861","
Aurora Leigh
",PRP$,2643,0.02413103618285902
12,Book,"Browning, Elizabeth Barrett, 1806-1861","
Aurora Leigh
",POS,1022,0.009331032530791494
13,Book,"Browning, Elizabeth Barrett, 1806-1861","
Aurora Leigh
",NN,13300,0.12143124526372492
14,Book,"Browning, Elizabeth Barrett, 1806-1861","
Aurora Leigh
",PRP,7434,0.06787367498425045
15,Book,"Browning, Elizabeth Barrett, 1806-1861","
Aurora Leigh
",EX,160,0.0014608270106914276
16,Book,"Browning, Elizabeth Barrett, 1806-1861","
Aurora Leigh
",),230,0.0020999388278689275
17,Book,"Browning, Elizabeth Barrett, 1806-1861","
Aurora Leigh
",WP,598,0.005459840952459211
18,Book,"Browning, Elizabeth Barrett, 1806-1861","
Aurora Leigh
",WDT,324,0.0029581746966501413
19,Book,"Browning, Elizabeth Barrett, 1806-1861","
Aurora Leigh
",CC,4173,0.0381001944725958
20,Book,"Browning, Elizabeth Barrett, 1806-1861","
Aurora Leigh
",VBZ,1853,0.016918202817570095
21,Book,"Browning, Elizabeth Barrett, 1806-1861","
Aurora Leigh
",:,3278,0.029928693381540625
22,Book,"Browning, Elizabeth Barrett, 1806-1861","
Aurora Leigh
",VB,3861,0.03525158180174751
23,Book,"Browning, Elizabeth Barrett, 1806-1861","
Aurora Leigh
",JJR,376,0.003432943475124855
24,Book,"Browning, Elizabeth Barrett, 1806-1861","
Aurora Leigh
",RP,623,0.005688095172879747
25,Book,"Browning, Elizabeth Barrett, 1806-1861","
Aurora Leigh
",$,1,9.130168816821424e-06
26,Book,"Browning, Elizabeth Barrett, 1806-1861","
Aurora Leigh
",JJ,6515,0.05948304984159157
27,Book,"Browning, Elizabeth Barrett, 1806-1861","
Aurora Leigh
",VBN,1595,0.01456261926283017
28,Book,"Browning, Elizabeth Barrett, 1806-1861","
Aurora Leigh
",MD,1258,0.01148575237156135
29,Book,"Browning, Elizabeth Barrett, 1806-1861","
Aurora Leigh
",JJS,221,0.0020177673085175346
30,Book,"Browning, Elizabeth Barrett, 1806-1861","
Aurora Leigh
",",",11470,0.10472303632894173
31,Book,"Browning, Elizabeth Barrett, 1806-1861","
Aurora Leigh
",IN,10760,0.09824061646899851
32,Book,"Browning, Elizabeth Barrett, 1806-1861","
Aurora Leigh
",WP$,12,0.00010956202580185708
33,Book,"Browning, Elizabeth Barrett, 1806-1861","
Aurora Leigh
",FW,29,0.0002647748956878213
34,Book,"Browning, Elizabeth Barrett, 1806-1861","
Aurora Leigh
",VBG,1198,0.010937942242552064
35,Book,"Browning, Elizabeth Barrett, 1806-1861","
Aurora Leigh
",NNPS,16,0.00014608270106914278
36,Book,"Browning, Elizabeth Barrett, 1806-1861","
Aurora Leigh
",UH,84,0.0007669341806129995
37,Book,"Browning, Elizabeth Barrett, 1806-1861","
Aurora Leigh
",DT,7622,0.06959014672181289
38,Book,"Browning, Elizabeth Barrett, 1806-1861","
Aurora Leigh
",VBD,3748,0.034219872725446694
39,Book,"Browning, Elizabeth Barrett, 1806-1861","
Aurora Leigh
",NNP,4465,0.040766203767107656
40,Book,"Browning, Elizabeth Barrett, 1806-1861","
Aurora Leigh
",(,230,0.0020999388278689275
41,Book,"Browning, Elizabeth Barrett, 1806-1861","
Aurora Leigh
",PDT,209,0.0019082052827156773
0,Fanfiction,Suaine,The Hour of the Wolf,NNS,1807,0.02815167944164018
1,Fanfiction,Suaine,The Hour of the Wolf,'',1054,0.01642051473795725
2,Fanfiction,Suaine,The Hour of the Wolf,.,4090,0.06371907521655137
3,Fanfiction,Suaine,The Hour of the Wolf,#,1,1.557923599426684e-05
4,Fanfiction,Suaine,The Hour of the Wolf,RBR,111,0.0017292951953636194
5,Fanfiction,Suaine,The Hour of the Wolf,TO,1441,0.02244967906773852
6,Fanfiction,Suaine,The Hour of the Wolf,WRB,358,0.005577366485947529
7,Fanfiction,Suaine,The Hour of the Wolf,RB,4154,0.06471614632018446
8,Fanfiction,Suaine,The Hour of the Wolf,``,1053,0.016404935501962984
9,Fanfiction,Suaine,The Hour of the Wolf,RBS,11,0.00017137159593693524
10,Fanfiction,Suaine,The Hour of the Wolf,CD,189,0.002944475602916433
11,Fanfiction,Suaine,The Hour of the Wolf,PRP$,1575,0.024537296690970274
12,Fanfiction,Suaine,The Hour of the Wolf,VBP,954,0.014862591138530567
13,Fanfiction,Suaine,The Hour of the Wolf,POS,326,0.00507883093413099
14,Fanfiction,Suaine,The Hour of the Wolf,NN,7398,0.11525518788558609
15,Fanfiction,Suaine,The Hour of the Wolf,PRP,4897,0.07629151866392472
16,Fanfiction,Suaine,The Hour of the Wolf,EX,165,0.0025705739390540286
17,Fanfiction,Suaine,The Hour of the Wolf,),7,0.00010905465195986789
18,Fanfiction,Suaine,The Hour of the Wolf,WP,275,0.004284289898423381
19,Fanfiction,Suaine,The Hour of the Wolf,WDT,215,0.003349535738767371
20,Fanfiction,Suaine,The Hour of the Wolf,CC,1923,0.029958870816975135
21,Fanfiction,Suaine,The Hour of the Wolf,VBZ,575,0.008958060696703433
22,Fanfiction,Suaine,The Hour of the Wolf,VB,2815,0.04385554932386116
23,Fanfiction,Suaine,The Hour of the Wolf,:,138,0.0021499345672088242
24,Fanfiction,Suaine,The Hour of the Wolf,RP,466,0.007259923973328348
25,Fanfiction,Suaine,The Hour of the Wolf,JJR,194,0.003022371782887767
26,Fanfiction,Suaine,The Hour of the Wolf,VBN,1090,0.016981367233750856
27,Fanfiction,Suaine,The Hour of the Wolf,JJ,3106,0.04838910699819281
28,Fanfiction,Suaine,The Hour of the Wolf,MD,1178,0.018352340001246338
29,Fanfiction,Suaine,The Hour of the Wolf,JJS,120,0.001869508319312021
30,Fanfiction,Suaine,The Hour of the Wolf,",",3324,0.05178538044494298
31,Fanfiction,Suaine,The Hour of the Wolf,IN,5867,0.09140337757836356
32,Fanfiction,Suaine,The Hour of the Wolf,WP$,6,9.347541596560104e-05
33,Fanfiction,Suaine,The Hour of the Wolf,FW,3,4.673770798280052e-05
34,Fanfiction,Suaine,The Hour of the Wolf,VBG,1407,0.021919985043933447
35,Fanfiction,Suaine,The Hour of the Wolf,NNPS,9,0.00014021312394840157
36,Fanfiction,Suaine,The Hour of the Wolf,UH,96,0.0014956066554496167
37,Fanfiction,Suaine,The Hour of the Wolf,DT,4915,0.07657194491182152
38,Fanfiction,Suaine,The Hour of the Wolf,VBD,4471,0.06965476413036704
39,Fanfiction,Suaine,The Hour of the Wolf,NNP,2333,0.03634635757462454
40,Fanfiction,Suaine,The Hour of the Wolf,PDT,64,0.0009970711036330778
41,Fanfiction,Suaine,The Hour of the Wolf,(,7,0.00010905465195986789
0,Fanfiction,thewunderkind,"drop dead, gorgeous",NNS,4059,0.027089437188411405
1,Fanfiction,thewunderkind,"drop dead, gorgeous",'',2804,0.018713668853487457
2,Fanfiction,thewunderkind,"drop dead, gorgeous",.,11431,0.07628956799722365
3,Fanfiction,thewunderkind,"drop dead, gorgeous",#,13,8.676094689562658e-05
4,Fanfiction,thewunderkind,"drop dead, gorgeous",RBR,192,0.0012813924464584849
5,Fanfiction,thewunderkind,"drop dead, gorgeous",TO,2834,0.018913886423246595
6,Fanfiction,thewunderkind,"drop dead, gorgeous",WRB,879,0.0058663747939427515
7,Fanfiction,thewunderkind,"drop dead, gorgeous",RB,9688,0.06465692719421771
8,Fanfiction,thewunderkind,"drop dead, gorgeous",``,3144,0.02098280131075769
9,Fanfiction,thewunderkind,"drop dead, gorgeous",RBS,39,0.00026028284068687973
10,Fanfiction,thewunderkind,"drop dead, gorgeous",CD,1210,0.008075441980285243
11,Fanfiction,thewunderkind,"drop dead, gorgeous",VBP,3411,0.02276473768161402
12,Fanfiction,thewunderkind,"drop dead, gorgeous",PRP$,2886,0.0192609302108291
13,Fanfiction,thewunderkind,"drop dead, gorgeous",NN,16925,0.11295607893911384
14,Fanfiction,thewunderkind,"drop dead, gorgeous",POS,1048,0.006994267103585897
15,Fanfiction,thewunderkind,"drop dead, gorgeous",PRP,11164,0.07450763162636732
16,Fanfiction,thewunderkind,"drop dead, gorgeous",EX,328,0.0021890454293665785
17,Fanfiction,thewunderkind,"drop dead, gorgeous",),217,0.0014482404212577667
18,Fanfiction,thewunderkind,"drop dead, gorgeous",LS,6,4.004351395182765e-05
19,Fanfiction,thewunderkind,"drop dead, gorgeous",WP,780,0.005205656813737595
20,Fanfiction,thewunderkind,"drop dead, gorgeous",SYM,27,0.00018019581278322445
21,Fanfiction,thewunderkind,"drop dead, gorgeous",WDT,286,0.0019087408317037848
22,Fanfiction,thewunderkind,"drop dead, gorgeous",VBZ,7616,0.05082856704285323
23,Fanfiction,thewunderkind,"drop dead, gorgeous",CC,3010,0.02008849616583354
24,Fanfiction,thewunderkind,"drop dead, gorgeous",VB,5344,0.0356654230930945
25,Fanfiction,thewunderkind,"drop dead, gorgeous",:,2267,0.015129774354798882
26,Fanfiction,thewunderkind,"drop dead, gorgeous",RP,993,0.006627201559027476
27,Fanfiction,thewunderkind,"drop dead, gorgeous",JJR,301,0.002008849616583354
28,Fanfiction,thewunderkind,"drop dead, gorgeous",$,25,0.0001668479747992819
29,Fanfiction,thewunderkind,"drop dead, gorgeous",JJ,7674,0.051215654344387566
30,Fanfiction,thewunderkind,"drop dead, gorgeous",VBN,2043,0.013634816500597316
31,Fanfiction,thewunderkind,"drop dead, gorgeous",MD,1481,0.009884074027109458
32,Fanfiction,thewunderkind,"drop dead, gorgeous",JJS,194,0.0012947402844424275
33,Fanfiction,thewunderkind,"drop dead, gorgeous",",",5444,0.03633281499229162
34,Fanfiction,thewunderkind,"drop dead, gorgeous",IN,12080,0.080620941423013
35,Fanfiction,thewunderkind,"drop dead, gorgeous",WP$,5,3.336959495985638e-05
36,Fanfiction,thewunderkind,"drop dead, gorgeous",FW,21,0.0001401522988313968
37,Fanfiction,thewunderkind,"drop dead, gorgeous",VBG,3839,0.025621175010177726
38,Fanfiction,thewunderkind,"drop dead, gorgeous",NNPS,10,6.673918991971275e-05
39,Fanfiction,thewunderkind,"drop dead, gorgeous",UH,160,0.001067827038715404
40,Fanfiction,thewunderkind,"drop dead, gorgeous",DT,9952,0.06641884180809814
41,Fanfiction,thewunderkind,"drop dead, gorgeous",VBD,3292,0.021970541321569437
42,Fanfiction,thewunderkind,"drop dead, gorgeous",(,217,0.0014482404212577667
43,Fanfiction,thewunderkind,"drop dead, gorgeous",NNP,10396,0.06938206184053337
44,Fanfiction,thewunderkind,"drop dead, gorgeous",PDT,102,0.0006807397371810701
0,Fanfiction,wittyy_name,The Marks We Make,NNS,11581,0.035871703139277365
1,Fanfiction,wittyy_name,The Marks We Make,'',4788,0.01483064628536914
2,Fanfiction,wittyy_name,The Marks We Make,.,23979,0.07427403243042327
3,Fanfiction,wittyy_name,The Marks We Make,RBR,401,0.0012420821137078164
4,Fanfiction,wittyy_name,The Marks We Make,WRB,1862,0.005767473555421333
5,Fanfiction,wittyy_name,The Marks We Make,TO,7122,0.022060121730242067
6,Fanfiction,wittyy_name,The Marks We Make,``,4762,0.014750112282984094
7,Fanfiction,wittyy_name,The Marks We Make,RB,19602,0.060716442875063885
8,Fanfiction,wittyy_name,The Marks We Make,RBS,41,0.0001269959268379563
9,Fanfiction,wittyy_name,The Marks We Make,CD,1105,0.003422695101364432
10,Fanfiction,wittyy_name,The Marks We Make,VBP,6597,0.020433954374390186
11,Fanfiction,wittyy_name,The Marks We Make,PRP$,11104,0.0343942139416748
12,Fanfiction,wittyy_name,The Marks We Make,NN,36094,0.11179978008022426
13,Fanfiction,wittyy_name,The Marks We Make,POS,1861,0.005764376093791138
14,Fanfiction,wittyy_name,The Marks We Make,PRP,27594,0.08547135622357478
15,Fanfiction,wittyy_name,The Marks We Make,EX,502,0.0015549257383574162
16,Fanfiction,wittyy_name,The Marks We Make,),503,0.0015580231999876102
17,Fanfiction,wittyy_name,The Marks We Make,WP,1082,0.0033514534838699687
18,Fanfiction,wittyy_name,The Marks We Make,WDT,908,0.0028124951602162026
19,Fanfiction,wittyy_name,The Marks We Make,VBZ,18037,0.055868915423810186
20,Fanfiction,wittyy_name,The Marks We Make,CC,10291,0.03187597763632703
21,Fanfiction,wittyy_name,The Marks We Make,VB,10864,0.03365082315042822
22,Fanfiction,wittyy_name,The Marks We Make,:,1779,0.0055103842401152256
23,Fanfiction,wittyy_name,The Marks We Make,JJR,678,0.00210007898527157
24,Fanfiction,wittyy_name,The Marks We Make,RP,3216,0.009961436602704083
25,Fanfiction,wittyy_name,The Marks We Make,$,3,9.292384890582168e-06
26,Fanfiction,wittyy_name,The Marks We Make,JJ,14351,0.044451671854914894
27,Fanfiction,wittyy_name,The Marks We Make,VBN,4192,0.012984559153773483
28,Fanfiction,wittyy_name,The Marks We Make,MD,2817,0.008725549412256655
29,Fanfiction,wittyy_name,The Marks We Make,JJS,375,0.001161548111322771
30,Fanfiction,wittyy_name,The Marks We Make,",",16058,0.049739038857656154
31,Fanfiction,wittyy_name,The Marks We Make,IN,28957,0.08969319642552928
32,Fanfiction,wittyy_name,The Marks We Make,FW,39,0.00012080100357756818
33,Fanfiction,wittyy_name,The Marks We Make,VBG,9966,0.030869302606513962
34,Fanfiction,wittyy_name,The Marks We Make,NNPS,31,9.602131053601573e-05
35,Fanfiction,wittyy_name,The Marks We Make,UH,533,0.0016509470488934319
36,Fanfiction,wittyy_name,The Marks We Make,DT,20116,0.06230853815298363
37,Fanfiction,wittyy_name,The Marks We Make,VBD,5339,0.016537347643606065
38,Fanfiction,wittyy_name,The Marks We Make,(,414,0.0012823491149003391
39,Fanfiction,wittyy_name,The Marks We Make,NNP,13095,0.04056126004739116
40,Fanfiction,wittyy_name,The Marks We Make,PDT,206,0.0006380770958199756
0,Fanfiction,MurdockSchmurdock,That Awkward Moment When Your Whole Class Shows Up At Your House,NNS,910,0.026763918708273285
1,Fanfiction,MurdockSchmurdock,That Awkward Moment When Your Whole Class Shows Up At Your House,'',554,0.01629363842239934
2,Fanfiction,MurdockSchmurdock,That Awkward Moment When Your Whole Class Shows Up At Your House,.,1817,0.05343960471750831
3,Fanfiction,MurdockSchmurdock,That Awkward Moment When Your Whole Class Shows Up At Your House,#,2,5.882179935884239e-05
4,Fanfiction,MurdockSchmurdock,That Awkward Moment When Your Whole Class Shows Up At Your House,RBR,49,0.0014411340842916385
5,Fanfiction,MurdockSchmurdock,That Awkward Moment When Your Whole Class Shows Up At Your House,TO,826,0.024293403135201907
6,Fanfiction,MurdockSchmurdock,That Awkward Moment When Your Whole Class Shows Up At Your House,WRB,183,0.005382194641334079
7,Fanfiction,MurdockSchmurdock,That Awkward Moment When Your Whole Class Shows Up At Your House,``,551,0.01620540572336108
8,Fanfiction,MurdockSchmurdock,That Awkward Moment When Your Whole Class Shows Up At Your House,RB,2339,0.06879209435016617
9,Fanfiction,MurdockSchmurdock,That Awkward Moment When Your Whole Class Shows Up At Your House,RBS,11,0.00032351989647363315
10,Fanfiction,MurdockSchmurdock,That Awkward Moment When Your Whole Class Shows Up At Your House,CD,187,0.005499838240051763
11,Fanfiction,MurdockSchmurdock,That Awkward Moment When Your Whole Class Shows Up At Your House,PRP$,767,0.022558160054116056
12,Fanfiction,MurdockSchmurdock,That Awkward Moment When Your Whole Class Shows Up At Your House,VBP,620,0.01823475780124114
13,Fanfiction,MurdockSchmurdock,That Awkward Moment When Your Whole Class Shows Up At Your House,NN,3907,0.1149083850474986
14,Fanfiction,MurdockSchmurdock,That Awkward Moment When Your Whole Class Shows Up At Your House,POS,135,0.0039704714567218614
15,Fanfiction,MurdockSchmurdock,That Awkward Moment When Your Whole Class Shows Up At Your House,PRP,2568,0.07552719037675362
16,Fanfiction,MurdockSchmurdock,That Awkward Moment When Your Whole Class Shows Up At Your House,EX,38,0.0011176141878180054
17,Fanfiction,MurdockSchmurdock,That Awkward Moment When Your Whole Class Shows Up At Your House,),50,0.0014705449839710596
18,Fanfiction,MurdockSchmurdock,That Awkward Moment When Your Whole Class Shows Up At Your House,WP,168,0.0049410311461427605
19,Fanfiction,MurdockSchmurdock,That Awkward Moment When Your Whole Class Shows Up At Your House,WDT,75,0.0022058174759565894
20,Fanfiction,MurdockSchmurdock,That Awkward Moment When Your Whole Class Shows Up At Your House,CC,916,0.026940384106349812
21,Fanfiction,MurdockSchmurdock,That Awkward Moment When Your Whole Class Shows Up At Your House,VBZ,300,0.008823269903826357
22,Fanfiction,MurdockSchmurdock,That Awkward Moment When Your Whole Class Shows Up At Your House,VB,1404,0.041292903149907356
23,Fanfiction,MurdockSchmurdock,That Awkward Moment When Your Whole Class Shows Up At Your House,:,137,0.004029293256080703
24,Fanfiction,MurdockSchmurdock,That Awkward Moment When Your Whole Class Shows Up At Your House,JJR,84,0.0024705155730713802
25,Fanfiction,MurdockSchmurdock,That Awkward Moment When Your Whole Class Shows Up At Your House,RP,335,0.0098526513926061
26,Fanfiction,MurdockSchmurdock,That Awkward Moment When Your Whole Class Shows Up At Your House,JJ,1440,0.04235169553836652
27,Fanfiction,MurdockSchmurdock,That Awkward Moment When Your Whole Class Shows Up At Your House,VBN,436,0.01282315226022764
28,Fanfiction,MurdockSchmurdock,That Awkward Moment When Your Whole Class Shows Up At Your House,MD,430,0.012646686862151113
29,Fanfiction,MurdockSchmurdock,That Awkward Moment When Your Whole Class Shows Up At Your House,JJS,61,0.0017940648804446928
30,Fanfiction,MurdockSchmurdock,That Awkward Moment When Your Whole Class Shows Up At Your House,",",1925,0.056615981882885795
31,Fanfiction,MurdockSchmurdock,That Awkward Moment When Your Whole Class Shows Up At Your House,IN,3069,0.09026205111614365
32,Fanfiction,MurdockSchmurdock,That Awkward Moment When Your Whole Class Shows Up At Your House,WP$,1,2.9410899679421194e-05
33,Fanfiction,MurdockSchmurdock,That Awkward Moment When Your Whole Class Shows Up At Your House,FW,2,5.882179935884239e-05
34,Fanfiction,MurdockSchmurdock,That Awkward Moment When Your Whole Class Shows Up At Your House,VBG,1014,0.029822652274933092
35,Fanfiction,MurdockSchmurdock,That Awkward Moment When Your Whole Class Shows Up At Your House,NNPS,12,0.00035293079615305434
36,Fanfiction,MurdockSchmurdock,That Awkward Moment When Your Whole Class Shows Up At Your House,UH,56,0.001647010382047587
37,Fanfiction,MurdockSchmurdock,That Awkward Moment When Your Whole Class Shows Up At Your House,DT,2569,0.07555660127643304
38,Fanfiction,MurdockSchmurdock,That Awkward Moment When Your Whole Class Shows Up At Your House,VBD,2278,0.06699802946972148
39,Fanfiction,MurdockSchmurdock,That Awkward Moment When Your Whole Class Shows Up At Your House,(,47,0.001382312284932796
40,Fanfiction,MurdockSchmurdock,That Awkward Moment When Your Whole Class Shows Up At Your House,NNP,1701,0.050027940354695453
41,Fanfiction,MurdockSchmurdock,That Awkward Moment When Your Whole Class Shows Up At Your House,PDT,27,0.0007940942913443722
0,Fanfiction,antistar_e (kaikamahine),Kiss a Boy in Tokyo Town,NNS,2284,0.031989691587999664
1,Fanfiction,antistar_e (kaikamahine),Kiss a Boy in Tokyo Town,'',1279,0.017913667049497185
2,Fanfiction,antistar_e (kaikamahine),Kiss a Boy in Tokyo Town,#,3,4.2017983697022325e-05
3,Fanfiction,antistar_e (kaikamahine),Kiss a Boy in Tokyo Town,.,3395,0.047550351550463596
4,Fanfiction,antistar_e (kaikamahine),Kiss a Boy in Tokyo Town,RBR,65,0.000910389646768817
5,Fanfiction,antistar_e (kaikamahine),Kiss a Boy in Tokyo Town,TO,1563,0.02189136950614863
6,Fanfiction,antistar_e (kaikamahine),Kiss a Boy in Tokyo Town,WRB,549,0.0076892910165550854
7,Fanfiction,antistar_e (kaikamahine),Kiss a Boy in Tokyo Town,RB,4525,0.06337712540967534
8,Fanfiction,antistar_e (kaikamahine),Kiss a Boy in Tokyo Town,``,1274,0.017843637076668813
9,Fanfiction,antistar_e (kaikamahine),Kiss a Boy in Tokyo Town,RBS,20,0.0002801198913134822
10,Fanfiction,antistar_e (kaikamahine),Kiss a Boy in Tokyo Town,CD,280,0.00392167847838875
11,Fanfiction,antistar_e (kaikamahine),Kiss a Boy in Tokyo Town,VBP,1478,0.020700859968066334
12,Fanfiction,antistar_e (kaikamahine),Kiss a Boy in Tokyo Town,PRP$,1681,0.023544076864898178
13,Fanfiction,antistar_e (kaikamahine),Kiss a Boy in Tokyo Town,NN,7773,0.10886859575898485
14,Fanfiction,antistar_e (kaikamahine),Kiss a Boy in Tokyo Town,POS,459,0.006428751505644416
15,Fanfiction,antistar_e (kaikamahine),Kiss a Boy in Tokyo Town,PRP,5838,0.08176699627440545
16,Fanfiction,antistar_e (kaikamahine),Kiss a Boy in Tokyo Town,EX,130,0.001820779293537634
17,Fanfiction,antistar_e (kaikamahine),Kiss a Boy in Tokyo Town,),34,0.0004762038152329197
18,Fanfiction,antistar_e (kaikamahine),Kiss a Boy in Tokyo Town,WP,397,0.005560379842572621
19,Fanfiction,antistar_e (kaikamahine),Kiss a Boy in Tokyo Town,WDT,243,0.0034034566794588082
20,Fanfiction,antistar_e (kaikamahine),Kiss a Boy in Tokyo Town,VBZ,3708,0.05193422784951959
21,Fanfiction,antistar_e (kaikamahine),Kiss a Boy in Tokyo Town,CC,2128,0.029804756435754504
22,Fanfiction,antistar_e (kaikamahine),Kiss a Boy in Tokyo Town,:,875,0.012255245244964845
23,Fanfiction,antistar_e (kaikamahine),Kiss a Boy in Tokyo Town,VB,2458,0.03442673464242696
24,Fanfiction,antistar_e (kaikamahine),Kiss a Boy in Tokyo Town,RP,667,0.00934199837530463
25,Fanfiction,antistar_e (kaikamahine),Kiss a Boy in Tokyo Town,JJR,148,0.002072887195719768
26,Fanfiction,antistar_e (kaikamahine),Kiss a Boy in Tokyo Town,$,1,1.4005994565674108e-05
27,Fanfiction,antistar_e (kaikamahine),Kiss a Boy in Tokyo Town,JJ,3197,0.04477716462646013
28,Fanfiction,antistar_e (kaikamahine),Kiss a Boy in Tokyo Town,VBN,821,0.011498921538418442
29,Fanfiction,antistar_e (kaikamahine),Kiss a Boy in Tokyo Town,MD,745,0.01043446595142721
30,Fanfiction,antistar_e (kaikamahine),Kiss a Boy in Tokyo Town,JJS,107,0.0014986414185271296
31,Fanfiction,antistar_e (kaikamahine),Kiss a Boy in Tokyo Town,",",5095,0.07136054231210959
32,Fanfiction,antistar_e (kaikamahine),Kiss a Boy in Tokyo Town,IN,6880,0.09636124261183787
33,Fanfiction,antistar_e (kaikamahine),Kiss a Boy in Tokyo Town,WP$,10,0.0001400599456567411
34,Fanfiction,antistar_e (kaikamahine),Kiss a Boy in Tokyo Town,FW,13,0.0001820779293537634
35,Fanfiction,antistar_e (kaikamahine),Kiss a Boy in Tokyo Town,VBG,1791,0.025084736267122328
36,Fanfiction,antistar_e (kaikamahine),Kiss a Boy in Tokyo Town,NNPS,19,0.00026611389674780807
37,Fanfiction,antistar_e (kaikamahine),Kiss a Boy in Tokyo Town,UH,208,0.0029132468696602145
38,Fanfiction,antistar_e (kaikamahine),Kiss a Boy in Tokyo Town,DT,5127,0.07180873413821115
39,Fanfiction,antistar_e (kaikamahine),Kiss a Boy in Tokyo Town,VBD,1187,0.016625115549455168
40,Fanfiction,antistar_e (kaikamahine),Kiss a Boy in Tokyo Town,NNP,2857,0.04001512647413093
41,Fanfiction,antistar_e (kaikamahine),Kiss a Boy in Tokyo Town,(,34,0.0004762038152329197
42,Fanfiction,antistar_e (kaikamahine),Kiss a Boy in Tokyo Town,PDT,52,0.0007283117174150536
0,Fanfiction,BialyLis,I'd forgotten people are kind,NNS,3760,0.022271583000148084
1,Fanfiction,BialyLis,I'd forgotten people are kind,'',3170,0.018776839922997186
2,Fanfiction,BialyLis,I'd forgotten people are kind,.,10605,0.06281652598844958
3,Fanfiction,BialyLis,I'd forgotten people are kind,RBR,435,0.002576632607729898
4,Fanfiction,BialyLis,I'd forgotten people are kind,TO,4363,0.02584332889086332
5,Fanfiction,BialyLis,I'd forgotten people are kind,WRB,1035,0.006130608618391826
6,Fanfiction,BialyLis,I'd forgotten people are kind,RB,14371,0.08512364874870428
7,Fanfiction,BialyLis,I'd forgotten people are kind,``,3152,0.01867022064267733
8,Fanfiction,BialyLis,I'd forgotten people are kind,RBS,49,0.00029024137420405744
9,Fanfiction,BialyLis,I'd forgotten people are kind,CD,662,0.003921220198430327
10,Fanfiction,BialyLis,I'd forgotten people are kind,PRP$,3656,0.02165556049163335
11,Fanfiction,BialyLis,I'd forgotten people are kind,VBP,2343,0.013878276321634828
12,Fanfiction,BialyLis,I'd forgotten people are kind,NN,17154,0.10160817414482452
13,Fanfiction,BialyLis,I'd forgotten people are kind,POS,561,0.003322967569968903
14,Fanfiction,BialyLis,I'd forgotten people are kind,PRP,15552,0.09211905819635717
15,Fanfiction,BialyLis,I'd forgotten people are kind,EX,223,0.0013208944172960165
16,Fanfiction,BialyLis,I'd forgotten people are kind,),69,0.0004087072412261217
17,Fanfiction,BialyLis,I'd forgotten people are kind,WP,557,0.00329927439656449
18,Fanfiction,BialyLis,I'd forgotten people are kind,SYM,1,5.923293351103213e-06
19,Fanfiction,BialyLis,I'd forgotten people are kind,WDT,369,0.0021856952465570856
20,Fanfiction,BialyLis,I'd forgotten people are kind,CC,5474,0.03242410780393899
21,Fanfiction,BialyLis,I'd forgotten people are kind,VBZ,1234,0.007309343995261365
22,Fanfiction,BialyLis,I'd forgotten people are kind,:,870,0.005153265215459796
23,Fanfiction,BialyLis,I'd forgotten people are kind,VB,7948,0.04707833555456834
24,Fanfiction,BialyLis,I'd forgotten people are kind,RP,956,0.005662668443654672
25,Fanfiction,BialyLis,I'd forgotten people are kind,JJR,596,0.003530282837257515
26,Fanfiction,BialyLis,I'd forgotten people are kind,$,1,5.923293351103213e-06
27,Fanfiction,BialyLis,I'd forgotten people are kind,JJ,8054,0.04770620464978528
28,Fanfiction,BialyLis,I'd forgotten people are kind,VBN,2149,0.012729157411520805
29,Fanfiction,BialyLis,I'd forgotten people are kind,MD,2634,0.015601954686805863
30,Fanfiction,BialyLis,I'd forgotten people are kind,JJS,341,0.002019843032726196
31,Fanfiction,BialyLis,I'd forgotten people are kind,",",8917,0.05281800681178735
32,Fanfiction,BialyLis,I'd forgotten people are kind,IN,15099,0.08943580630830741
33,Fanfiction,BialyLis,I'd forgotten people are kind,WP$,7,4.1463053457722494e-05
34,Fanfiction,BialyLis,I'd forgotten people are kind,FW,13,7.700281356434177e-05
35,Fanfiction,BialyLis,I'd forgotten people are kind,VBG,3467,0.020536058048274842
36,Fanfiction,BialyLis,I'd forgotten people are kind,NNPS,5,2.9616466755516066e-05
37,Fanfiction,BialyLis,I'd forgotten people are kind,UH,216,0.001279431363838294
38,Fanfiction,BialyLis,I'd forgotten people are kind,DT,11676,0.06916037316748112
39,Fanfiction,BialyLis,I'd forgotten people are kind,VBD,12390,0.07338960462016882
40,Fanfiction,BialyLis,I'd forgotten people are kind,NNP,4468,0.026465274692729156
41,Fanfiction,BialyLis,I'd forgotten people are kind,PDT,158,0.0009358803494743077
42,Fanfiction,BialyLis,I'd forgotten people are kind,(,65,0.00038501406782170884
0,Fanfiction,karategal,An Unexpected Addition,NNS,4836,0.04247880890684703
1,Fanfiction,karategal,An Unexpected Addition,'',2963,0.02602661513461285
2,Fanfiction,karategal,An Unexpected Addition,.,6837,0.06005533839869999
3,Fanfiction,karategal,An Unexpected Addition,RBR,163,0.00143177126795204
4,Fanfiction,karategal,An Unexpected Addition,TO,2316,0.0203434494268523
5,Fanfiction,karategal,An Unexpected Addition,WRB,516,0.004532478369713207
6,Fanfiction,karategal,An Unexpected Addition,RB,6534,0.057393824937414906
7,Fanfiction,karategal,An Unexpected Addition,``,2943,0.025850937678422416
8,Fanfiction,karategal,An Unexpected Addition,RBS,44,0.0003864904036189556
9,Fanfiction,karategal,An Unexpected Addition,CD,441,0.0038736879089990776
10,Fanfiction,karategal,An Unexpected Addition,PRP$,2541,0.022319820808994684
11,Fanfiction,karategal,An Unexpected Addition,VBP,2028,0.017813694057710043
12,Fanfiction,karategal,An Unexpected Addition,NN,12218,0.10732135798673635
13,Fanfiction,karategal,An Unexpected Addition,POS,1130,0.009925776274759542
14,Fanfiction,karategal,An Unexpected Addition,PRP,6377,0.05601475690632
15,Fanfiction,karategal,An Unexpected Addition,EX,129,0.0011331195924283017
16,Fanfiction,karategal,An Unexpected Addition,),37,0.00032500329395230356
17,Fanfiction,karategal,An Unexpected Addition,WP,360,0.0031621942114278185
18,Fanfiction,karategal,An Unexpected Addition,WDT,306,0.0026878650797136456
19,Fanfiction,karategal,An Unexpected Addition,CC,3258,0.028617857613421758
20,Fanfiction,karategal,An Unexpected Addition,VBZ,1240,0.01089200228380693
21,Fanfiction,karategal,An Unexpected Addition,VB,3893,0.034195616847468045
22,Fanfiction,karategal,An Unexpected Addition,:,315,0.002766919934999341
23,Fanfiction,karategal,An Unexpected Addition,RP,648,0.005691949580570074
24,Fanfiction,karategal,An Unexpected Addition,JJR,380,0.003337871667618253
25,Fanfiction,karategal,An Unexpected Addition,JJ,6671,0.05859721551231938
26,Fanfiction,karategal,An Unexpected Addition,VBN,2071,0.01819140058851948
27,Fanfiction,karategal,An Unexpected Addition,MD,1546,0.013579867363520575
28,Fanfiction,karategal,An Unexpected Addition,JJS,260,0.002283806930475647
29,Fanfiction,karategal,An Unexpected Addition,",",5395,0.04738899380736967
30,Fanfiction,karategal,An Unexpected Addition,IN,11330,0.09952127893188106
31,Fanfiction,karategal,An Unexpected Addition,FW,16,0.00014054196495234749
32,Fanfiction,karategal,An Unexpected Addition,VBG,2320,0.020378584918090387
33,Fanfiction,karategal,An Unexpected Addition,NNPS,13,0.00011419034652378234
34,Fanfiction,karategal,An Unexpected Addition,UH,159,0.0013966357767139532
35,Fanfiction,karategal,An Unexpected Addition,DT,9785,0.08595019544117001
36,Fanfiction,karategal,An Unexpected Addition,VBD,5706,0.050120778251130926
37,Fanfiction,karategal,An Unexpected Addition,(,37,0.00032500329395230356
38,Fanfiction,karategal,An Unexpected Addition,NNP,6022,0.052896482058939785
39,Fanfiction,karategal,An Unexpected Addition,PDT,61,0.0005358162413808248
0,Fanfiction,mirrorkill,Fly a Little Faster,'',1172,0.028073873571753657
1,Fanfiction,mirrorkill,Fly a Little Faster,NNS,1308,0.031331592689295036
2,Fanfiction,mirrorkill,Fly a Little Faster,.,2991,0.07164586676886962
3,Fanfiction,mirrorkill,Fly a Little Faster,#,18,0.000431168706733418
4,Fanfiction,mirrorkill,Fly a Little Faster,RBR,45,0.001077921766833545
5,Fanfiction,mirrorkill,Fly a Little Faster,TO,856,0.020504467386878097
6,Fanfiction,mirrorkill,Fly a Little Faster,WRB,211,0.005054255395597288
7,Fanfiction,mirrorkill,Fly a Little Faster,``,1167,0.027954104486549933
8,Fanfiction,mirrorkill,Fly a Little Faster,RB,2541,0.06086664910053417
9,Fanfiction,mirrorkill,Fly a Little Faster,RBS,6,0.00014372290224447265
10,Fanfiction,mirrorkill,Fly a Little Faster,CD,159,0.0038086569094785256
11,Fanfiction,mirrorkill,Fly a Little Faster,VBP,749,0.017941408963518337
12,Fanfiction,mirrorkill,Fly a Little Faster,PRP$,914,0.021893788775241334
13,Fanfiction,mirrorkill,Fly a Little Faster,NN,4299,0.10297745945816465
14,Fanfiction,mirrorkill,Fly a Little Faster,POS,409,0.009797111169664885
15,Fanfiction,mirrorkill,Fly a Little Faster,PRP,3101,0.07428078664335162
16,Fanfiction,mirrorkill,Fly a Little Faster,EX,87,0.0020839820825448536
17,Fanfiction,mirrorkill,Fly a Little Faster,),23,0.0005509377919371451
18,Fanfiction,mirrorkill,Fly a Little Faster,WP,153,0.0036649340072340527
19,Fanfiction,mirrorkill,Fly a Little Faster,WDT,129,0.0030900423982561623
20,Fanfiction,mirrorkill,Fly a Little Faster,VBZ,2741,0.06565741250868326
21,Fanfiction,mirrorkill,Fly a Little Faster,CC,1153,0.027618751047979496
22,Fanfiction,mirrorkill,Fly a Little Faster,VB,1453,0.03480489616020313
23,Fanfiction,mirrorkill,Fly a Little Faster,:,173,0.004144010348048961
24,Fanfiction,mirrorkill,Fly a Little Faster,RP,313,0.007497544733753324
25,Fanfiction,mirrorkill,Fly a Little Faster,JJR,89,0.0021318897166263443
26,Fanfiction,mirrorkill,Fly a Little Faster,$,2,4.7907634081490887e-05
27,Fanfiction,mirrorkill,Fly a Little Faster,VBN,371,0.00888686612211656
28,Fanfiction,mirrorkill,Fly a Little Faster,JJ,1705,0.04084125805447098
29,Fanfiction,mirrorkill,Fly a Little Faster,MD,495,0.011857139435168994
30,Fanfiction,mirrorkill,Fly a Little Faster,JJS,69,0.0016528133758114355
31,Fanfiction,mirrorkill,Fly a Little Faster,",",2633,0.06307040026828276
32,Fanfiction,mirrorkill,Fly a Little Faster,IN,3312,0.07933504203894891
33,Fanfiction,mirrorkill,Fly a Little Faster,WP$,1,2.3953817040745443e-05
34,Fanfiction,mirrorkill,Fly a Little Faster,FW,6,0.00014372290224447265
35,Fanfiction,mirrorkill,Fly a Little Faster,VBG,914,0.021893788775241334
36,Fanfiction,mirrorkill,Fly a Little Faster,NNPS,21,0.0005030301578556543
37,Fanfiction,mirrorkill,Fly a Little Faster,UH,113,0.002706781325604235
38,Fanfiction,mirrorkill,Fly a Little Faster,DT,2659,0.06369319951134213
39,Fanfiction,mirrorkill,Fly a Little Faster,VBD,524,0.012551800129350612
40,Fanfiction,mirrorkill,Fly a Little Faster,NNP,2616,0.06266318537859007
41,Fanfiction,mirrorkill,Fly a Little Faster,(,23,0.0005509377919371451
42,Fanfiction,mirrorkill,Fly a Little Faster,PDT,23,0.0005509377919371451
0,Fanfiction,blacklipscurse (bealeciphers),Blue,NNS,5604,0.023184136821158628
1,Fanfiction,blacklipscurse (bealeciphers),Blue,'',5623,0.02326274113943165
2,Fanfiction,blacklipscurse (bealeciphers),Blue,.,14688,0.06076527509442861
3,Fanfiction,blacklipscurse (bealeciphers),Blue,RBR,306,0.0012659432311339293
4,Fanfiction,blacklipscurse (bealeciphers),Blue,WRB,1149,0.004753492720826421
5,Fanfiction,blacklipscurse (bealeciphers),Blue,TO,5672,0.02346545753918839
6,Fanfiction,blacklipscurse (bealeciphers),Blue,RB,14063,0.05817960673018447
7,Fanfiction,blacklipscurse (bealeciphers),Blue,``,5427,0.02245187554040469
8,Fanfiction,blacklipscurse (bealeciphers),Blue,RBS,24,9.928966518697486e-05
9,Fanfiction,blacklipscurse (bealeciphers),Blue,CD,966,0.003996409023775738
10,Fanfiction,blacklipscurse (bealeciphers),Blue,PRP$,7468,0.03089563415068034
11,Fanfiction,blacklipscurse (bealeciphers),Blue,VBP,2861,0.01183615550416396
12,Fanfiction,blacklipscurse (bealeciphers),Blue,NN,27296,0.11292544587265273
13,Fanfiction,blacklipscurse (bealeciphers),Blue,POS,2101,0.00869198277324309
14,Fanfiction,blacklipscurse (bealeciphers),Blue,PRP,17537,0.07255178576599908
15,Fanfiction,blacklipscurse (bealeciphers),Blue,EX,385,0.0015927717123743882
16,Fanfiction,blacklipscurse (bealeciphers),Blue,),1,4.137069382790619e-06
17,Fanfiction,blacklipscurse (bealeciphers),Blue,WP,1027,0.004248770256125966
18,Fanfiction,blacklipscurse (bealeciphers),Blue,SYM,3,1.2411208148371857e-05
19,Fanfiction,blacklipscurse (bealeciphers),Blue,WDT,582,0.00240777438078414
20,Fanfiction,blacklipscurse (bealeciphers),Blue,CC,5918,0.02448317660735488
21,Fanfiction,blacklipscurse (bealeciphers),Blue,VBZ,1675,0.0069295912161742865
22,Fanfiction,blacklipscurse (bealeciphers),Blue,:,1083,0.00448044614156224
23,Fanfiction,blacklipscurse (bealeciphers),Blue,VB,8120,0.03359300338825982
24,Fanfiction,blacklipscurse (bealeciphers),Blue,RP,1857,0.007682537843842179
25,Fanfiction,blacklipscurse (bealeciphers),Blue,JJR,532,0.002200920911644609
26,Fanfiction,blacklipscurse (bealeciphers),Blue,$,1,4.137069382790619e-06
27,Fanfiction,blacklipscurse (bealeciphers),Blue,JJ,9125,0.0377507581179644
28,Fanfiction,blacklipscurse (bealeciphers),Blue,VBN,3512,0.014529387672360653
29,Fanfiction,blacklipscurse (bealeciphers),Blue,MD,2802,0.011592068410579314
30,Fanfiction,blacklipscurse (bealeciphers),Blue,JJS,268,0.0011087345945878858
31,Fanfiction,blacklipscurse (bealeciphers),Blue,",",15877,0.06568425059056665
32,Fanfiction,blacklipscurse (bealeciphers),Blue,IN,21214,0.08776378988652019
33,Fanfiction,blacklipscurse (bealeciphers),Blue,WP$,6,2.4822416296743714e-05
34,Fanfiction,blacklipscurse (bealeciphers),Blue,FW,35,0.00014479742839767167
35,Fanfiction,blacklipscurse (bealeciphers),Blue,VBG,6834,0.02827273216199109
36,Fanfiction,blacklipscurse (bealeciphers),Blue,NNPS,10,4.1370693827906185e-05
37,Fanfiction,blacklipscurse (bealeciphers),Blue,UH,344,0.001423151867679973
38,Fanfiction,blacklipscurse (bealeciphers),Blue,DT,16833,0.06963928892051449
39,Fanfiction,blacklipscurse (bealeciphers),Blue,VBD,19571,0.0809665848905952
40,Fanfiction,blacklipscurse (bealeciphers),Blue,NNP,13187,0.05455553395085989
41,Fanfiction,blacklipscurse (bealeciphers),Blue,(,1,4.137069382790619e-06
42,Fanfiction,blacklipscurse (bealeciphers),Blue,PDT,129,0.0005336819503799898
0,Fanfiction,Ariel_Sojourner,Back From the Future: Episode VI The Clone Wars,NNS,4687,0.035824842736048794
1,Fanfiction,Ariel_Sojourner,Back From the Future: Episode VI The Clone Wars,'',1911,0.014606629927157937
2,Fanfiction,Ariel_Sojourner,Back From the Future: Episode VI The Clone Wars,.,8641,0.06604703778156554
3,Fanfiction,Ariel_Sojourner,Back From the Future: Episode VI The Clone Wars,#,57,0.00043567655983673596
4,Fanfiction,Ariel_Sojourner,Back From the Future: Episode VI The Clone Wars,RBR,130,0.0009936482943644854
5,Fanfiction,Ariel_Sojourner,Back From the Future: Episode VI The Clone Wars,TO,3541,0.027065450848804948
6,Fanfiction,Ariel_Sojourner,Back From the Future: Episode VI The Clone Wars,WRB,889,0.006795025643769443
7,Fanfiction,Ariel_Sojourner,Back From the Future: Episode VI The Clone Wars,RB,7607,0.058143712117158776
8,Fanfiction,Ariel_Sojourner,Back From the Future: Episode VI The Clone Wars,``,1921,0.01468306441133982
9,Fanfiction,Ariel_Sojourner,Back From the Future: Episode VI The Clone Wars,RBS,33,0.0002522337978002155
10,Fanfiction,Ariel_Sojourner,Back From the Future: Episode VI The Clone Wars,CD,635,0.004853589745549602
11,Fanfiction,Ariel_Sojourner,Back From the Future: Episode VI The Clone Wars,VBP,2416,0.018466571378343052
12,Fanfiction,Ariel_Sojourner,Back From the Future: Episode VI The Clone Wars,PRP$,3043,0.02325901353654715
13,Fanfiction,Ariel_Sojourner,Back From the Future: Episode VI The Clone Wars,POS,596,0.0045554952572402566
14,Fanfiction,Ariel_Sojourner,Back From the Future: Episode VI The Clone Wars,NN,12656,0.09673548318059176
15,Fanfiction,Ariel_Sojourner,Back From the Future: Episode VI The Clone Wars,PRP,9583,0.07324716619149896
16,Fanfiction,Ariel_Sojourner,Back From the Future: Episode VI The Clone Wars,EX,328,0.0025070510811657787
17,Fanfiction,Ariel_Sojourner,Back From the Future: Episode VI The Clone Wars,),287,0.0021936696960200563
18,Fanfiction,Ariel_Sojourner,Back From the Future: Episode VI The Clone Wars,WP,791,0.006045967698786985
19,Fanfiction,Ariel_Sojourner,Back From the Future: Episode VI The Clone Wars,WDT,266,0.0020331572792381012
20,Fanfiction,Ariel_Sojourner,Back From the Future: Episode VI The Clone Wars,VBZ,4651,0.035549678592994016
21,Fanfiction,Ariel_Sojourner,Back From the Future: Episode VI The Clone Wars,CC,4714,0.03603121584333988
22,Fanfiction,Ariel_Sojourner,Back From the Future: Episode VI The Clone Wars,:,176,0.0013452469216011496
23,Fanfiction,Ariel_Sojourner,Back From the Future: Episode VI The Clone Wars,VB,5811,0.0444160787580925
24,Fanfiction,Ariel_Sojourner,Back From the Future: Episode VI The Clone Wars,RP,776,0.00593131597251416
25,Fanfiction,Ariel_Sojourner,Back From the Future: Episode VI The Clone Wars,JJR,315,0.00240768625172933
26,Fanfiction,Ariel_Sojourner,Back From the Future: Episode VI The Clone Wars,JJ,5319,0.040655502136343835
27,Fanfiction,Ariel_Sojourner,Back From the Future: Episode VI The Clone Wars,VBN,2311,0.017664009294433278
28,Fanfiction,Ariel_Sojourner,Back From the Future: Episode VI The Clone Wars,MD,1876,0.014339109232521345
29,Fanfiction,Ariel_Sojourner,Back From the Future: Episode VI The Clone Wars,JJS,140,0.001070082778546369
30,Fanfiction,Ariel_Sojourner,Back From the Future: Episode VI The Clone Wars,",",5562,0.042512860101963604
31,Fanfiction,Ariel_Sojourner,Back From the Future: Episode VI The Clone Wars,IN,11433,0.0873875457651474
32,Fanfiction,Ariel_Sojourner,Back From the Future: Episode VI The Clone Wars,WP$,1,7.64344841818835e-06
33,Fanfiction,Ariel_Sojourner,Back From the Future: Episode VI The Clone Wars,FW,15,0.00011465172627282524
34,Fanfiction,Ariel_Sojourner,Back From the Future: Episode VI The Clone Wars,VBG,3146,0.024046288723620548
35,Fanfiction,Ariel_Sojourner,Back From the Future: Episode VI The Clone Wars,NNPS,73,0.0005579717345277496
36,Fanfiction,Ariel_Sojourner,Back From the Future: Episode VI The Clone Wars,UH,142,0.0010853696753827457
37,Fanfiction,Ariel_Sojourner,Back From the Future: Episode VI The Clone Wars,DT,9913,0.07576950416950111
38,Fanfiction,Ariel_Sojourner,Back From the Future: Episode VI The Clone Wars,VBD,5116,0.039103882107451596
39,Fanfiction,Ariel_Sojourner,Back From the Future: Episode VI The Clone Wars,NNP,8919,0.0681719164418219
40,Fanfiction,Ariel_Sojourner,Back From the Future: Episode VI The Clone Wars,(,285,0.0021783827991836797
41,Fanfiction,Ariel_Sojourner,Back From the Future: Episode VI The Clone Wars,PDT,119,0.0009095703617644136
